,year,billionaires,country,net_worth,country_population,urban_population,gdp_usd_mil,gdp_growth,gdp_per_capita,trade_percent_gdp,co2_emmissions,billionaires_per_mil_population
0,2011.0,2,,2.4,,,,,,,,
1,2015.0,1,Algeria,3.1,39728020.0,28146508.0,165979.28,3.7,4177.89,59.7,263140.01,0.0252
2,2016.0,1,Algeria,3.1,40551398.0,28977623.0,171290.62,3.2,4224.04,55.93,265359.99,0.0247
3,2017.0,1,Algeria,3.1,41389174.0,29821728.0,173517.39,1.3,4192.34,55.32,268899.99,0.0242
4,2018.0,1,Algeria,4.0,42228415.0,30670076.0,175426.09,1.1,4154.22,58.07,278030.0,0.0237
5,2019.0,1,Algeria,4.0,43053054.0,31510100.0,177180.35,1.0,4115.4,51.84,282010.01,0.0232
6,2020.0,1,Algeria,4.5,43851043.0,32332690.0,168144.15,-5.1,3834.44,45.84,282010.01,0.0228
7,2021.0,1,Algeria,4.8,44616626.0,33132753.0,174613.99,3.85,3913.65,50.25,282010.01,0.0224
8,2022.0,1,Algeria,5.1,44616626.0,33132753.0,174613.99,3.85,3913.65,50.25,282010.01,0.0224
9,2015.0,1,Angola,3.3,27884380.0,17691524.0,87219.29,0.94,3127.89,62.89,87360.0,0.0359
10,2016.0,1,Angola,3.0,28842482.0,18502164.0,84969.03,-2.58,2945.97,53.37,85910.0,0.0347
11,2017.0,1,Angola,3.1,29816769.0,19332895.0,84841.58,-0.15,2845.43,52.26,81010.0,0.0335
12,2018.0,1,Angola,2.6,30809787.0,20184724.0,83724.8,-1.32,2717.47,66.38,75240.0,0.0325
13,2019.0,1,Angola,2.6,31825299.0,21061028.0,83138.73,-0.7,2612.35,57.83,79680.0,0.0314
14,2020.0,1,Angola,1.8,32866268.0,21962884.0,78566.1,-5.5,2390.48,56.86,79680.0,0.0304
15,2010.0,1,Argentina,2.0,40788453.0,37055902.0,552738.16,10.13,13551.34,34.97,339609.99,0.0245
16,2011.0,2,Argentina,6.5,41261490.0,37543830.0,585924.29,6.0,14200.27,35.21,350250.0,0.0485
17,2012.0,4,Argentina,9.6,41733271.0,38027774.0,579910.25,-1.03,13895.63,30.53,355299.99,0.0958
18,2013.0,4,Argentina,9.6,42202935.0,38509756.0,593858.97,2.41,14071.51,29.33,364480.01,0.0948
19,2014.0,3,Argentina,4.6,42669500.0,38990109.0,578937.57,-2.51,13567.95,28.41,363149.99,0.0703
20,2015.0,5,Argentina,11.15,43131966.0,39467043.0,594749.29,2.73,13789.06,22.49,370000.0,0.1159
21,2016.0,4,Argentina,9.2,43590368.0,39940546.0,582376.55,-2.08,13360.21,26.09,373329.99,0.0918
22,2017.0,7,Argentina,12.4,44044811.0,40410674.0,598790.85,2.82,13595.04,25.29,377209.99,0.1589
23,2018.0,9,Argentina,15.600000000000001,44494502.0,40877099.0,583118.12,-2.62,13105.4,30.76,375100.01,0.2023
24,2019.0,9,Argentina,15.600000000000001,44938712.0,41339571.0,571304.53,-2.03,12712.97,32.21,369049.99,0.2003
25,2020.0,4,Argentina,10.5,45376763.0,41796990.0,514772.41,-9.9,11344.41,30.15,369049.99,0.0882
26,2021.0,5,Argentina,15.299999999999999,45808747.0,42248949.0,567607.42,10.26,12390.81,33.43,369049.99,0.1091
27,2022.0,6,Argentina,14.0,45808747.0,42248949.0,567607.42,10.26,12390.81,33.43,369049.99,0.1091
28,2010.0,11,Australia,25.7,22031750.0,18767085.0,1179642.33,2.17,53542.83,40.56,566440.0,0.4993
29,2011.0,18,Australia,50.4,22340024.0,19056040.0,1208776.5,2.47,54108.11,41.86,668340.03,0.8057
30,2012.0,18,Australia,65.65,22733465.0,19414834.0,1256128.66,3.92,55254.61,43.18,667440.0,0.7918
31,2013.0,18,Australia,65.65,23128129.0,19775013.0,1288790.66,2.6,55723.95,41.28,580880.0,0.7783
32,2014.0,10,Australia,20.8,23475686.0,20095657.0,1321821.49,2.56,56305.98,42.47,597270.02,0.426
33,2015.0,27,Australia,68.95,23815995.0,20410546.0,1350534.15,2.17,56707.02,41.63,596979.98,1.1337
34,2016.0,25,Australia,61.7,24190907.0,20755798.0,1387560.98,2.74,57358.78,40.82,574450.01,1.0334
35,2017.0,33,Australia,91.0,24601860.0,21133982.0,1419418.37,2.3,57695.57,41.94,623270.02,1.3414
36,2018.0,43,Australia,117.89999999999999,24982688.0,21488110.0,1460169.48,2.87,58447.25,43.38,617390.01,1.7212
37,2019.0,43,Australia,117.89999999999999,25365745.0,21845994.0,1491025.04,2.11,58781.05,45.85,585979.98,1.6952
38,2020.0,39,Australia,134.6,25693267.0,22158130.0,1490967.84,0.0,58029.52,44.04,585979.98,1.5179
39,2021.0,44,Australia,181.5,25739256.0,22228936.0,1512962.04,1.48,58780.33,40.02,585979.98,1.7095
40,2022.0,46,Australia,207.1,25739256.0,22228936.0,1512962.04,1.48,58780.33,40.02,585979.98,1.7095
41,2010.0,4,Austria,13.0,8363404.0,4800510.0,362424.01,1.84,43334.51,99.02,83510.0,0.4783
42,2011.0,5,Austria,17.5,8391643.0,4792887.0,373016.92,2.92,44451.0,105.1,81530.0,0.5958
43,2012.0,6,Austria,21.2,8429991.0,4817487.0,375555.1,0.68,44549.88,105.15,78330.0,0.7117
44,2013.0,6,Austria,21.2,8479823.0,4861991.0,375650.89,0.03,44299.38,104.07,78870.0,0.7076
45,2014.0,3,Austria,6.2,8546356.0,4916377.0,378134.96,0.66,44245.17,103.5,75150.0,0.351
46,2015.0,7,Austria,29.55,8642699.0,4988134.0,381971.15,1.01,44195.82,102.43,76340.0,0.8099
47,2016.0,6,Austria,29.0,8736668.0,5058968.0,389570.22,1.99,44590.25,100.98,76730.0,0.6868
48,2017.0,8,Austria,31.2,8797566.0,5110858.0,398368.95,2.26,45281.72,104.94,78650.0,0.9093
49,2018.0,8,Austria,43.4,8840521.0,5153759.0,408334.53,2.5,46188.97,107.88,75440.0,0.9049
50,2019.0,8,Austria,43.4,8879920.0,5196085.0,414423.66,1.49,46669.75,107.48,76920.0,0.9009
51,2020.0,9,Austria,52.0,8916864.0,5238479.0,386514.24,-6.73,43346.43,100.0,76920.0,1.0093
52,2021.0,12,Austria,62.699999999999996,8956279.0,5283757.0,403845.42,4.48,45090.76,110.99,76920.0,1.3398
53,2022.0,11,Austria,61.699999999999996,8956279.0,5283757.0,403845.42,4.48,45090.76,110.99,76920.0,1.3398
54,2022.0,1,Barbados,1.7,,,,,,,,
55,2010.0,2,Belgium,5.9,10895586.0,10639649.0,433403.81,2.86,39777.93,150.0,124740.0,0.1836
56,2011.0,4,Belgium,8.8,11038264.0,10784163.0,440747.89,1.69,39929.1,161.49,113130.0,0.3624
57,2012.0,2,Belgium,6.4,11106932.0,10856360.0,444005.98,0.74,39975.57,160.75,111910.0,0.1801
58,2013.0,2,Belgium,6.4,11159407.0,10912673.0,446045.04,0.46,39970.32,157.85,112890.0,0.1792
59,2014.0,2,Belgium,6.6000000000000005,11209057.0,10966157.0,453086.01,1.58,40421.42,158.78,106510.0,0.1784
60,2015.0,3,Belgium,8.200000000000001,11274196.0,11034732.0,462335.57,2.04,41008.3,154.19,111430.0,0.2661
61,2016.0,3,Belgium,7.5,11331422.0,11095615.0,468191.92,1.27,41318.02,157.67,110380.0,0.2648
62,2017.0,2,Belgium,6.7,11375158.0,11143219.0,475774.66,1.62,41825.76,165.33,108310.0,0.1758
63,2018.0,2,Belgium,8.3,11427054.0,11198627.0,484547.47,1.84,42403.53,166.29,109060.0,0.175
64,2019.0,2,Belgium,8.3,11488980.0,11263911.0,494778.84,2.11,43065.52,163.69,108060.0,0.1741
65,2020.0,2,Belgium,9.0,11544241.0,11322476.0,466671.77,-5.68,40424.64,158.68,108060.0,0.1732
66,2021.0,3,Belgium,12.6,11587882.0,11369682.0,495814.13,6.24,42787.3,169.37,108060.0,0.2589
67,2022.0,3,Belgium,11.9,11587882.0,11369682.0,495814.13,6.24,42787.3,169.37,108060.0,0.2589
68,2010.0,1,Belize,1.2,322465.0,145844.0,1537.36,3.33,4767.53,116.79,1270.0,3.1011
69,2011.0,1,Belize,1.8,330236.0,149359.0,1562.01,1.6,4729.99,126.43,1430.0,3.0281
70,2012.0,1,Belize,1.1,338001.0,152932.0,1599.94,2.43,4733.55,127.55,1400.0,2.9586
71,2013.0,1,Belize,1.1,345707.0,156543.0,1613.48,0.85,4667.18,131.75,1290.0,2.8926
72,2022.0,1,Belize,3.6,345707.0,156543.0,1613.48,0.85,4667.18,131.75,1290.0,2.8926
73,2010.0,18,Brazil,90.3,195713637.0,165055096.0,1703150.04,7.53,8702.26,22.77,991489.99,0.092
74,2011.0,31,Brazil,133.8,197514541.0,167158531.0,1770840.43,3.97,8965.62,23.93,1010710.02,0.157
75,2012.0,37,Brazil,153.0,199287292.0,169240747.0,1804861.39,1.92,9056.58,25.11,1049939.94,0.1857
76,2013.0,37,Brazil,153.0,201035904.0,171300683.0,1859094.27,3.0,9247.57,25.79,1080709.96,0.184
77,2014.0,19,Brazil,72.1,202763744.0,173346780.0,1868463.29,0.5,9214.98,24.69,1118099.98,0.0937
78,2015.0,54,Brazil,181.05,204471759.0,175375428.0,1802212.0,-3.55,8813.99,26.95,1095300.05,0.2641
79,2016.0,31,Brazil,135.1,206163056.0,177386817.0,1743173.03,-3.28,8455.31,24.53,1063569.95,0.1504
80,2017.0,43,Brazil,172.1,207833825.0,179379296.0,1766232.93,1.32,8498.29,24.32,1079310.06,0.2069
81,2018.0,42,Brazil,176.4,209469320.0,181335496.0,1797736.64,1.78,8582.34,28.88,1046579.96,0.2005
82,2019.0,42,Brazil,176.4,211049519.0,183241634.0,1819683.01,1.22,8622.07,28.89,1057260.01,0.199
83,2020.0,47,Brazil,154.7,212559409.0,185081854.0,1749103.39,-3.88,8228.77,32.89,1057260.01,0.2211
84,2021.0,65,Brazil,211.7,213993441.0,186852653.0,1829901.85,4.62,8551.21,39.18,1057260.01,0.3037
85,2022.0,62,Brazil,186.7,213993441.0,186852653.0,1829901.85,4.62,8551.21,39.18,1057260.01,0.3037
86,2022.0,2,Bulgaria,4.0,,,,,,,,
87,2010.0,24,Canada,74.7,34004889.0,27522537.0,1399482.21,3.09,41155.32,60.21,669979.98,0.7058
88,2011.0,25,Canada,88.1,34339328.0,27847821.0,1443522.26,3.15,42037.0,62.5,686500.0,0.728
89,2012.0,26,Canada,80.9,34714222.0,28166078.0,1468960.33,1.76,42315.81,62.6,686650.02,0.749
90,2013.0,26,Canada,80.9,35082954.0,28479640.0,1503174.22,2.33,42846.28,62.23,698679.99,0.7411
91,2014.0,15,Canada,57.800000000000004,35437435.0,28781576.0,1546315.86,2.87,43635.1,64.38,706320.01,0.4233
92,2015.0,39,Canada,134.7,35702908.0,29011826.0,1556508.82,0.66,43596.14,66.16,704479.98,1.0923
93,2016.0,34,Canada,113.60000000000001,36109487.0,29357013.0,1572095.61,1.0,43536.91,65.36,704750.0,0.9416
94,2017.0,39,Canada,133.8,36545236.0,29729549.0,1619885.43,3.04,44325.49,65.1,721010.01,1.0672
95,2018.0,46,Canada,148.5,37065084.0,30175056.0,1664870.31,2.78,44917.48,66.45,737989.99,1.2411
96,2019.0,46,Canada,148.5,37601230.0,30638234.0,1696163.08,1.88,45109.24,65.41,736929.99,1.2234
97,2020.0,45,Canada,169.6,38037204.0,31023904.0,1607402.45,-5.23,42258.69,60.78,736929.99,1.1831
98,2021.0,64,Canada,231.1,38246108.0,31229095.0,1680746.52,4.56,43945.56,61.23,736929.99,1.6734
99,2022.0,65,Canada,312.6,38246108.0,31229095.0,1680746.52,4.56,43945.56,61.23,736929.99,1.6734
100,2010.0,4,Chile,26.3,17062531.0,14857028.0,200190.07,5.85,11732.73,69.72,91660.0,0.2344
101,2011.0,5,Chile,44.9,17233584.0,15015966.0,212649.69,6.22,12339.26,72.48,98100.0,0.2901
102,2012.0,5,Chile,40.9,17400359.0,15171199.0,225739.0,6.16,12973.24,68.16,100540.0,0.2874
103,2013.0,5,Chile,40.9,17571511.0,15330440.0,233207.6,3.31,13271.91,65.14,103820.0,0.2846
104,2014.0,6,Chile,29.3,17758969.0,15504113.0,237388.19,1.79,13367.23,65.63,96450.0,0.3379
105,2015.0,12,Chile,39.85,17969356.0,15698029.0,242496.65,2.15,13495.01,59.35,102130.0,0.6678
106,2016.0,10,Chile,29.0,18209072.0,15918735.0,246747.71,1.75,13550.81,56.06,106590.0,0.5492
107,2017.0,12,Chile,41.4,18470435.0,16159784.0,250097.79,1.36,13540.44,56.03,107510.0,0.6497
108,2018.0,11,Chile,41.9,18729166.0,16400007.0,260076.77,3.99,13886.19,58.18,107690.0,0.5873
109,2019.0,11,Chile,41.9,18952035.0,16610132.0,262080.76,0.77,13828.63,57.53,113020.0,0.5804
110,2020.0,8,Chile,27.1,19116209.0,16770077.0,246412.99,-5.98,12890.26,58.5,113020.0,0.4185
111,2021.0,9,Chile,42.7,19212362.0,16871720.0,275165.01,11.67,14322.29,64.43,113020.0,0.4684
112,2022.0,7,Chile,38.6,19212362.0,16871720.0,275165.01,11.67,14322.29,64.43,113020.0,0.4684
113,2010.0,64,China,133.2,1337705000.0,658498663.0,7554098.73,10.64,5647.06,50.72,10218509.77,0.0478
114,2011.0,116,China,230.0,1345035000.0,679390629.0,8275578.02,9.55,6152.69,50.74,11098190.43,0.0862
115,2012.0,95,China,204.35,1354190000.0,700996454.0,8926347.67,7.86,6591.65,48.27,11385459.96,0.0702
116,2013.0,95,China,204.35,1363240000.0,722694421.0,9619581.22,7.77,7056.41,46.74,11878030.27,0.0697
117,2014.0,69,China,144.1,1371860000.0,744357517.0,10333908.59,7.43,7532.77,44.91,11938030.27,0.0503
118,2015.0,213,China,564.7,1379860000.0,765822300.0,11061553.08,7.04,8016.43,39.46,11818469.73,0.1544
119,2016.0,251,China,592.9,1387790000.0,787376534.0,11819132.55,6.85,8516.51,36.89,11800830.08,0.1809
120,2017.0,319,China,808.6,1396215000.0,809246214.0,12640231.42,6.95,9053.21,37.63,12035269.53,0.2285
121,2018.0,373,China,1120.4,1402760000.0,829760595.0,13493418.45,6.75,9619.19,37.57,12471089.84,0.2659
122,2019.0,373,China,1120.4,1407745000.0,848982855.0,14296344.42,5.95,10155.49,35.89,12705089.84,0.265
123,2020.0,399,China,1379.6,1411100000.0,866810508.0,14616539.91,2.24,10358.26,34.59,12705089.84,0.2828
124,2021.0,626,China,2531.9,1412360000.0,882894483.0,15801910.98,8.11,11188.3,37.43,12705089.84,0.4432
125,2022.0,539,China,1962.45,1412360000.0,882894483.0,15801910.98,8.11,11188.3,37.43,12705089.84,0.4432
126,2010.0,2,Colombia,11.6,45222699.0,35257425.0,233471.48,4.49,5162.71,34.26,161140.0,0.0442
127,2011.0,2,Colombia,18.9,45662747.0,35769913.0,249692.83,6.95,5468.2,39.47,165080.0,0.0438
128,2012.0,3,Colombia,23.6,46075721.0,36262053.0,259462.4,3.91,5631.22,38.84,163950.0,0.0651
129,2013.0,3,Colombia,23.6,46495492.0,36759801.0,272783.18,5.13,5866.87,37.99,170899.99,0.0645
130,2014.0,3,Colombia,27.7,46967706.0,37299404.0,285055.78,4.5,6069.19,37.49,174360.0,0.0639
131,2015.0,3,Colombia,18.5,47520667.0,37904385.0,293481.75,2.96,6175.88,38.36,175230.0,0.0631
132,2016.0,3,Colombia,13.600000000000001,48175048.0,38592067.0,299607.83,2.09,6219.15,36.2,178210.01,0.0623
133,2017.0,3,Colombia,17.1,48909844.0,39346013.0,303680.59,1.36,6208.99,35.28,173310.0,0.0613
134,2018.0,3,Colombia,18.6,49661056.0,40115208.0,311467.94,2.56,6271.88,36.53,181520.0,0.0604
135,2019.0,3,Colombia,18.6,50339443.0,40827302.0,321393.97,3.19,6384.54,37.56,187340.0,0.0596
136,2020.0,3,Colombia,14.2,50882884.0,41431388.0,298741.64,-7.05,5871.16,33.9,187340.0,0.059
137,2021.0,5,Colombia,26.2,51265841.0,41904698.0,330298.6,10.56,6442.86,40.58,187340.0,0.0975
138,2022.0,4,Colombia,24.1,51265841.0,41904698.0,330298.6,10.56,6442.86,40.58,187340.0,0.0975
139,2010.0,1,Cyprus,7.7,1112617.0,751584.0,21581.99,2.01,26019.76,109.1,9210.0,0.8988
140,2011.0,2,Cyprus,11.7,1124837.0,758208.0,21668.63,0.4,25466.11,110.82,8960.0,1.778
141,2012.0,2,Cyprus,12.3,1135046.0,763443.0,20921.75,-3.45,24216.53,112.54,8440.0,1.762
142,2013.0,2,Cyprus,12.3,1143866.0,767957.0,19550.73,-6.55,22682.27,121.14,7740.0,1.7485
143,2015.0,5,Cyprus,15.8,1160987.0,777234.0,19842.4,3.38,23408.34,137.59,8210.0,4.3067
144,2016.0,5,Cyprus,13.4,1170189.0,782634.0,21123.14,6.45,24805.2,139.38,8600.0,4.2728
145,2017.0,6,Cyprus,16.4,1179685.0,788454.0,22359.38,5.85,26013.83,148.36,8740.0,5.0861
146,2018.0,7,Cyprus,17.6,1189262.0,794546.0,23632.27,5.69,27161.4,148.85,8560.0,5.886
147,2019.0,7,Cyprus,17.6,1198574.0,800707.0,24880.8,5.28,28211.06,150.97,8540.0,5.8403
148,2020.0,3,Cyprus,15.8,1207361.0,806771.0,23640.67,-4.98,26502.85,154.09,8540.0,2.4848
149,2021.0,5,Cyprus,18.1,1215588.0,812694.0,24943.91,5.51,27714.75,160.94,8540.0,4.1132
150,2022.0,6,Cyprus,20.2,1215588.0,812694.0,24943.91,5.51,27714.75,160.94,8540.0,4.1132
151,2010.0,3,Czech Republic,9.799999999999999,4.1132,4.1132,4.1132,4.1132,4.1132,4.1132,4.1132,4.1132
152,2011.0,3,Czech Republic,12.299999999999999,,,,,,,,
153,2012.0,3,Czech Republic,11.5,,,,,,,,
154,2013.0,3,Czech Republic,11.5,,,,,,,,
155,2014.0,3,Czech Republic,5.0,,,,,,,,
156,2015.0,5,Czech Republic,15.450000000000001,,,,,,,,
157,2016.0,5,Czech Republic,17.8,,,,,,,,
158,2017.0,6,Czech Republic,23.5,,,,,,,,
159,2018.0,6,Czech Republic,30.1,,,,,,,,
160,2019.0,6,Czech Republic,30.1,,,,,,,,
161,2020.0,8,Czechia,37.0,10697858.0,7922941.0,203094.95,-5.8,18984.64,135.15,,0.7478
162,2021.0,9,Czechia,41.4,10703446.0,7943455.0,209883.71,3.34,19608.99,142.11,,0.8409
163,2022.0,9,Czechia,49.0,10703446.0,7943455.0,209883.71,3.34,19608.99,142.11,,0.8409
164,2010.0,2,Denmark,5.0,5547683.0,4815111.0,283894.17,1.87,51173.47,94.1,63160.0,0.3605
165,2011.0,3,Denmark,10.1,5570572.0,4844002.0,287689.2,1.34,51644.46,101.25,57740.0,0.5385
166,2012.0,3,Denmark,11.1,5591572.0,4872608.0,288340.82,0.23,51567.04,103.24,52650.0,0.5365
167,2013.0,3,Denmark,11.1,5614932.0,4901386.0,291032.02,0.93,51831.8,103.05,54080.0,0.5343
168,2014.0,4,Denmark,23.2,5643475.0,4932961.0,295744.98,1.62,52404.76,102.26,49890.0,0.7088
169,2015.0,5,Denmark,25.7,5683483.0,4974525.0,302673.07,2.34,53254.86,104.05,47880.0,0.8797
170,2016.0,6,Denmark,29.4,5728010.0,5020143.0,312497.71,3.25,54556.07,100.17,49420.0,1.0475
171,2017.0,6,Denmark,38.6,5764980.0,5059173.0,321315.57,2.82,55735.76,102.98,47110.0,1.0408
172,2018.0,10,Denmark,43.7,5793636.0,5091100.0,327708.26,1.99,56563.49,106.97,46580.0,1.726
173,2019.0,10,Denmark,43.7,5814422.0,5116342.0,334638.19,2.11,57553.13,110.61,43200.0,1.7199
174,2020.0,8,Denmark,46.6,5831404.0,5138400.0,327737.53,-2.06,56202.17,103.31,43200.0,1.3719
175,2021.0,10,Denmark,61.3,5856733.0,5167981.0,343119.68,4.69,58585.51,112.43,43200.0,1.7074
176,2022.0,9,Denmark,57.0,5856733.0,5167981.0,343119.68,4.69,58585.51,112.43,43200.0,1.7074
177,2010.0,4,Egypt,13.0,82761244.0,35603060.0,288446.29,5.15,3485.28,47.94,289950.01,0.0483
178,2011.0,8,Egypt,20.2,84529251.0,36347578.0,293536.13,1.76,3472.6,45.26,297750.0,0.0946
179,2012.0,7,Egypt,17.2,86422240.0,37114895.0,300070.83,2.23,3472.15,40.71,308459.99,0.081
180,2013.0,7,Egypt,17.2,88404652.0,37919407.0,306628.78,2.19,3468.47,40.37,305399.99,0.0792
181,2014.0,4,Egypt,13.9,90424668.0,38737024.0,315569.8,2.92,3489.86,36.92,311170.01,0.0442
182,2015.0,8,Egypt,23.45,92442549.0,39551545.0,329366.58,4.37,3562.93,34.85,317380.0,0.0865
183,2016.0,6,Egypt,14.2,94447071.0,40359122.0,343682.97,4.35,3638.89,30.25,325470.0,0.0635
184,2017.0,7,Egypt,18.1,96442590.0,41185808.0,358053.11,4.18,3712.6,45.13,338429.99,0.0726
185,2018.0,6,Egypt,18.2,98423602.0,42030815.0,377080.49,5.31,3831.2,48.28,344820.01,0.061
186,2019.0,6,Egypt,18.2,100388076.0,42895825.0,398037.43,5.56,3964.99,43.24,351769.99,0.0598
187,2020.0,6,Egypt,18.4,102334403.0,43781728.0,412246.05,3.57,4028.42,33.76,351769.99,0.0586
188,2021.0,6,Egypt,18.400000000000002,104258327.0,44687204.0,425960.41,3.33,4085.62,31.37,351769.99,0.0575
189,2022.0,6,Egypt,18.3,104258327.0,44687204.0,425960.41,3.33,4085.62,31.37,351769.99,0.0575
190,2022.0,1,Estonia,1.2,,,,,,,,
191,2014.0,1,Eswatini,3.7,,,,,,,,
192,2015.0,1,Eswatini,3.9,,,,,,,,
193,2016.0,1,Eswatini,3.7,,,,,,,,
194,2017.0,1,Eswatini,3.9,,,,,,,,
195,2018.0,1,Eswatini,4.3,,,,,,,,
196,2019.0,1,Eswatini,4.3,,,,,,,,
197,2020.0,1,Eswatini,4.0,,,,,,,,
198,2021.0,1,Eswatini,4.7,,,,,,,,
199,2022.0,1,Eswatini,5.3,,,,,,,,
200,2010.0,1,Finland,1.3,5363352.0,4492880.0,233646.77,3.19,43563.57,75.46,74800.0,0.1865
201,2011.0,1,Finland,1.9,5388272.0,4543014.0,239599.31,2.55,44466.82,78.58,66770.0,0.1856
202,2012.0,1,Finland,2.0,5413971.0,4593267.0,236250.8,-1.4,43637.25,79.17,61110.0,0.1847
203,2013.0,1,Finland,2.0,5438972.0,4629925.0,234120.53,-0.9,43045.0,77.09,61880.0,0.1839
204,2014.0,1,Finland,3.3,5461512.0,4651843.0,233266.21,-0.36,42710.92,74.11,57820.0,0.1831
205,2015.0,5,Finland,8.05,5479531.0,4669930.0,234534.38,0.54,42801.91,71.38,54350.0,0.9125
206,2016.0,6,Finland,10.5,5495303.0,4686120.0,241128.22,2.81,43878.97,70.9,57030.0,1.0918
207,2017.0,7,Finland,12.9,5508214.0,4699884.0,248826.02,3.19,45173.63,75.05,54160.0,1.2708
208,2018.0,6,Finland,13.5,5515525.0,4709266.0,251667.48,1.14,45628.93,78.19,55490.0,1.0878
209,2019.0,6,Finland,13.5,5521606.0,4717991.0,254739.72,1.22,46135.08,79.61,51480.0,1.0866
210,2020.0,6,Finland,13.8,5529543.0,4728699.0,248882.6,-2.3,45009.62,71.28,51480.0,1.0851
211,2021.0,7,Finland,16.5,5541696.0,4743470.0,257530.15,3.47,46471.36,77.63,51480.0,1.2632
212,2022.0,7,Finland,12.6,5541696.0,4743470.0,257530.15,3.47,46471.36,77.63,51480.0,1.2632
213,2010.0,12,France,89.7,65027505.0,50961405.0,2317567.54,1.95,35639.8,54.87,472620.0,0.1845
214,2011.0,13,France,115.6,65342789.0,51373808.0,2368384.86,2.19,36245.54,58.79,456720.0,0.199
215,2012.0,15,France,122.0,65659814.0,51791148.0,2375801.09,0.31,36183.49,59.7,460299.99,0.2285
216,2013.0,15,France,122.0,65998685.0,52228059.0,2389493.47,0.58,36205.17,59.76,461269.99,0.2273
217,2014.0,22,France,121.9,66312067.0,52647802.0,2412341.4,0.96,36378.62,60.48,427769.99,0.3318
218,2015.0,47,France,253.4,66548272.0,53009026.0,2439188.64,1.11,36652.92,61.75,433220.0,0.7063
219,2016.0,39,France,212.0,66724104.0,53323902.0,2465909.09,1.1,36956.8,61.1,433600.01,0.5845
220,2017.0,38,France,245.1,66918020.0,53654868.0,2522413.42,2.29,37694.08,62.96,436179.99,0.5679
221,2018.0,40,France,320.4,67101930.0,53979477.0,2569458.1,1.87,38291.87,64.44,422739.99,0.5961
222,2019.0,40,France,320.4,67248926.0,54275936.0,2616812.49,1.84,38912.33,64.14,414040.01,0.5948
223,2020.0,44,France,419.5,67379908.0,54560881.0,2411255.16,-7.86,35785.97,57.77,414040.01,0.653
224,2021.0,42,France,512.2,67499343.0,54837816.0,2579164.63,6.96,38210.22,61.97,414040.01,0.6222
225,2022.0,43,France,550.0,67499343.0,54837816.0,2579164.63,6.96,38210.22,61.97,414040.01,0.6222
226,2012.0,1,Georgia,6.4,3728874.0,2099468.0,13413.52,6.37,3597.2,91.94,15340.0,0.2682
227,2013.0,1,Georgia,6.4,3717668.0,2107360.0,13899.26,3.62,3738.71,95.6,16220.0,0.269
228,2015.0,1,Georgia,5.2,3725276.0,2140097.0,14953.95,3.02,4014.19,98.77,17150.0,0.2684
229,2016.0,1,Georgia,4.8,3727505.0,2155877.0,15388.58,2.91,4128.39,96.83,17580.0,0.2683
230,2017.0,1,Georgia,4.5,3728004.0,2170854.0,16133.79,4.84,4327.73,104.04,17460.0,0.2682
231,2018.0,1,Georgia,4.6,3726549.0,2184950.0,16915.13,4.84,4539.09,111.76,17140.0,0.2683
232,2019.0,1,Georgia,4.6,3720161.0,2196346.0,17757.9,4.98,4773.42,118.6,17600.0,0.2688
233,2020.0,1,Georgia,4.8,3722716.0,2213266.0,16557.39,-6.76,4447.66,93.88,17600.0,0.2686
234,2021.0,2,Georgia,8.0,3708610.0,2220419.0,18272.56,10.36,4927.06,101.71,17600.0,0.5393
235,2022.0,2,Georgia,6.699999999999999,3708610.0,2220419.0,18272.56,10.36,4927.06,101.71,17600.0,0.5393
236,2010.0,53,Germany,217.7,81776930.0,62940432.0,3087971.59,4.18,37760.91,79.87,880159.97,0.6481
237,2011.0,50,Germany,241.1,80274983.0,61940177.0,3209180.43,3.93,39977.34,85.21,850460.02,0.6229
238,2012.0,55,Germany,251.3,80425823.0,62064608.0,3222610.77,0.42,40069.35,86.51,863679.99,0.6839
239,2013.0,55,Germany,251.3,80645605.0,62242278.0,3236712.63,0.44,40135.02,85.08,880049.99,0.682
240,2014.0,33,Germany,170.9,80982500.0,62510392.0,3308229.2,2.21,40851.16,84.62,839190.0,0.4075
241,2015.0,103,Germany,435.1,81686611.0,63062064.0,3357585.72,1.49,41103.26,86.25,843880.0,1.2609
242,2016.0,119,Germany,467.6,82348669.0,63592936.0,3432459.88,2.23,41682.03,84.77,846940.0,1.4451
243,2017.0,114,Germany,467.8,82657002.0,63861626.0,3524457.73,2.68,42639.55,87.24,829679.99,1.3792
244,2018.0,123,Germany,578.7,82905782.0,64096118.0,3562734.21,1.09,42973.29,88.43,800960.02,1.4836
245,2019.0,123,Germany,578.7,83092962.0,64294010.0,3600339.16,1.06,43329.05,87.6,749710.02,1.4803
246,2020.0,114,Germany,539.5,83160871.0,64410589.0,3435817.46,-4.57,41315.31,81.11,749710.02,1.3708
247,2021.0,136,Germany,625.5,83129285.0,64461773.0,3535202.0,2.89,42526.55,89.39,749710.02,1.636
248,2022.0,134,Germany,608.0,83129285.0,64461773.0,3535202.0,2.89,42526.55,89.39,749710.02,1.636
249,2010.0,2,Greece,7.3,11121341.0,8484693.0,239780.04,-5.48,21560.35,51.2,108250.0,0.1798
250,2011.0,2,Greece,7.3,11104899.0,8511794.0,215444.01,-10.15,19400.81,56.83,105910.0,0.1801
251,2012.0,3,Greece,7.9,11045011.0,8505100.0,200176.15,-7.09,18123.67,62.06,100930.0,0.2716
252,2013.0,3,Greece,7.9,10965211.0,8482139.0,195139.72,-2.52,17796.26,62.88,93270.0,0.2736
253,2014.0,3,Greece,8.2,10892413.0,8463623.0,196067.99,0.48,18000.42,66.53,90190.0,0.2754
254,2015.0,3,Greece,7.0,10820883.0,8445266.0,195683.53,-0.2,18083.88,65.28,88450.0,0.2772
255,2016.0,2,Greece,4.5,10775971.0,8446960.0,194730.21,-0.49,18070.78,64.02,87160.0,0.1856
256,2017.0,3,Greece,6.5,10754679.0,8466513.0,196856.95,1.09,18304.31,71.58,86770.0,0.2789
257,2018.0,4,Greece,9.6,10732882.0,8485202.0,200141.37,1.67,18647.5,80.15,84060.0,0.3727
258,2019.0,4,Greece,9.6,10721582.0,8511650.0,203751.11,1.8,19003.83,81.99,78500.0,0.3731
259,2020.0,3,Greece,5.6,10700556.0,8529948.0,185374.54,-9.02,17323.82,71.58,78500.0,0.2804
260,2021.0,4,Greece,13.9,10664568.0,8535707.0,200827.55,8.34,18831.29,89.18,78500.0,0.3751
261,2022.0,4,Greece,15.2,10664568.0,8535707.0,200827.55,8.34,18831.29,89.18,78500.0,0.3751
262,2015.0,1,Guatemala,1.0,15567419.0,7779195.0,62186.19,4.09,3994.64,49.89,30790.0,0.0642
263,2014.0,1,Guernsey,2.4,,,,,,,,
264,2015.0,1,Guernsey,1.8,,,,,,,,
265,2016.0,1,Guernsey,1.9,,,,,,,,
266,2017.0,1,Guernsey,1.9,,,,,,,,
267,2018.0,1,Guernsey,2.3,,,,,,,,
268,2019.0,1,Guernsey,2.3,,,,,,,,
269,2020.0,1,Guernsey,2.3,,,,,,,,
270,2021.0,1,Guernsey,2.6,,,,,,,,
271,2022.0,1,Guernsey,2.5,,,,,,,,
272,2010.0,25,Hong Kong,115.6,7024200.0,7024200.0,267550.46,6.77,38089.81,404.77,,3.5591
273,2011.0,36,Hong Kong,155.1,7071600.0,7071600.0,280432.16,4.81,39656.11,421.85,,5.0908
274,2012.0,38,Hong Kong,159.0,7150100.0,7150100.0,285200.31,1.7,39887.6,430.57,,5.3146
275,2013.0,38,Hong Kong,159.0,7178900.0,7178900.0,294045.83,3.1,40959.73,442.62,,5.2933
276,2014.0,16,Hong Kong,65.7,7229500.0,7229500.0,302168.47,2.76,41796.59,425.98,,2.2132
277,2015.0,55,Hong Kong,246.1,7291300.0,7291300.0,309383.63,2.39,42431.89,389.41,,7.5432
278,2016.0,63,Hong Kong,240.2,7336600.0,7336600.0,316114.19,2.18,43087.29,371.73,,8.5871
279,2017.0,67,Hong Kong,271.1,7393200.0,7393200.0,328114.17,3.8,44380.53,376.8,,9.0624
280,2018.0,67,Hong Kong,334.7,7452600.0,7452600.0,337455.36,2.85,45280.22,376.89,,8.9902
281,2019.0,67,Hong Kong,334.7,7507900.0,7507900.0,331791.96,-1.68,44192.38,353.76,,8.9239
282,2020.0,64,Hong Kong,330.0,7481000.0,7481000.0,310236.89,-6.5,41469.98,350.73,,8.555
283,2021.0,71,Hong Kong,448.2,7413100.0,7413100.0,330149.35,6.42,44535.94,403.1,,9.5776
284,2022.0,67,Hong Kong,383.4,7413100.0,7413100.0,330149.35,6.42,44535.94,403.1,,9.5776
285,2018.0,1,Hungary,1.1,9775564.0,6974963.0,140567.18,5.36,14379.44,163.24,61010.0,0.1023
286,2019.0,1,Hungary,1.1,9771141.0,7000436.0,146968.7,4.55,15041.1,161.24,60590.0,0.1023
287,2020.0,2,Hungary,2.4,9750149.0,7014452.0,140409.16,-4.46,14400.72,155.94,60590.0,0.2051
288,2021.0,2,Hungary,2.7,9709886.0,7014907.0,150373.45,7.1,15486.63,161.91,60590.0,0.206
289,2022.0,2,Hungary,2.5,9709886.0,7014907.0,150373.45,7.1,15486.63,161.91,60590.0,0.206
290,2015.0,1,Iceland,1.3,330815.0,309974.0,17517.21,4.44,52951.68,95.82,3310.0,3.0228
291,2016.0,1,Iceland,1.6,335439.0,314424.0,18621.44,6.3,55513.64,88.33,2840.0,2.9812
292,2017.0,1,Iceland,1.8,343400.0,322016.0,19402.6,4.19,56501.46,86.98,2890.0,2.9121
293,2018.0,1,Iceland,2.0,352721.0,330898.0,20351.81,4.89,57699.46,89.95,2910.0,2.8351
294,2019.0,1,Iceland,2.0,360563.0,338406.0,20847.34,2.43,57818.86,84.1,2850.0,2.7734
295,2020.0,1,Iceland,2.1,366463.0,344101.0,19491.45,-6.5,53188.04,69.18,2850.0,2.7288
296,2021.0,2,Iceland,3.2,372295.0,349749.0,20212.59,3.7,54291.87,78.39,2850.0,5.3721
297,2022.0,2,Iceland,3.6,372295.0,349749.0,20212.59,3.7,54291.87,78.39,2850.0,5.3721
298,2010.0,49,India,222.1,1234281163.0,381763164.0,1535897.53,8.5,1244.37,49.26,2533989.99,0.0397
299,2011.0,56,India,249.4,1250287939.0,391040056.0,1616398.76,5.24,1292.82,55.62,2645629.88,0.0448
300,2012.0,48,India,194.6,1265780243.0,400416922.0,1704595.76,5.46,1346.68,55.79,2795860.11,0.0379
301,2013.0,48,India,194.6,1280842119.0,409907903.0,1813453.06,6.39,1415.83,53.84,2863840.09,0.0375
302,2014.0,20,India,78.6,1295600768.0,419567353.0,1947834.06,7.41,1503.42,48.92,3044959.96,0.0154
303,2015.0,90,India,294.25,1310152392.0,429428650.0,2103587.81,8.0,1605.61,41.92,3064540.04,0.0687
304,2016.0,85,India,251.9,1324517250.0,439501314.0,2277266.45,8.26,1719.32,40.08,3106340.09,0.0642
305,2017.0,101,India,325.5,1338676779.0,449795398.0,2432015.44,6.8,1816.73,40.74,3242169.92,0.0754
306,2018.0,119,India,440.1,1352642283.0,460304169.0,2588974.1,6.45,1914.01,43.62,3388909.91,0.088
307,2019.0,119,India,440.1,1366417756.0,471031529.0,2685747.84,3.74,1965.54,39.96,3394870.12,0.0871
308,2020.0,110,India,377.9,1380004385.0,481980332.0,2508593.75,-6.6,1817.82,37.81,3394870.12,0.0797
309,2021.0,140,India,596.4,1393409033.0,493169259.0,2733061.78,8.95,1961.42,43.68,3394870.12,0.1005
310,2022.0,166,India,749.8,1393409033.0,493169259.0,2733061.78,8.95,1961.42,43.68,3394870.12,0.1005
311,2010.0,7,Indonesia,16.3,241834226.0,120709136.0,657835.44,6.22,2720.19,46.7,768880.0,0.0289
312,2011.0,15,Indonesia,34.7,245115988.0,124016434.0,698422.46,6.17,2849.35,50.18,829890.01,0.0612
313,2012.0,17,Indonesia,41.5,248451714.0,127396101.0,740537.69,6.03,2980.61,49.58,834260.01,0.0684
314,2013.0,17,Indonesia,41.5,251805314.0,130825451.0,781691.32,5.56,3104.35,48.64,799099.98,0.0675
315,2014.0,7,Indonesia,20.6,255128076.0,134286663.0,820828.02,5.01,3217.32,48.08,844299.99,0.0274
316,2015.0,23,Indonesia,56.15,258383257.0,137751866.0,860854.24,4.88,3331.7,41.94,849510.01,0.089
317,2016.0,20,Indonesia,49.800000000000004,261556386.0,141211677.0,904181.62,5.03,3456.93,37.42,847580.02,0.0765
318,2017.0,20,Indonesia,53.1,264650969.0,144655573.0,950021.7,5.07,3589.72,39.36,893590.03,0.0756
319,2018.0,20,Indonesia,72.5,267670549.0,148088731.0,999178.59,5.17,3732.87,43.07,958080.02,0.0747
320,2019.0,20,Indonesia,72.5,270625567.0,151509724.0,1049330.24,5.02,3877.42,37.63,1002370.0,0.0739
321,2020.0,15,Indonesia,65.4,273523621.0,154926514.0,1027661.52,-2.07,3757.12,32.98,1002370.0,0.0548
322,2021.0,21,Indonesia,85.0,276361788.0,158327668.0,1065594.97,3.69,3855.8,40.42,1002370.0,0.076
323,2022.0,30,Indonesia,115.1,276361788.0,158327668.0,1065594.97,3.69,3855.8,40.42,1002370.0,0.076
324,2010.0,6,Ireland,17.1,4560155.0,2806411.0,209457.1,1.76,45932.01,189.84,64570.0,1.3157
325,2011.0,4,Ireland,16.5,4580084.0,2827835.0,211695.21,1.07,46220.81,187.81,60940.0,0.8733
326,2012.0,5,Ireland,20.599999999999998,4599533.0,2849043.0,211584.37,-0.05,46001.27,191.1,62310.0,1.0871
327,2013.0,5,Ireland,20.599999999999998,4623816.0,2873286.0,214265.18,1.27,46339.47,188.78,61360.0,1.0814
328,2014.0,2,Ireland,18.8,4657740.0,2903635.0,232935.6,8.71,50010.43,201.87,61530.0,0.4294
329,2015.0,5,Ireland,30.25,4701957.0,2940510.0,291580.04,25.18,62012.48,215.16,63430.0,1.0634
330,2016.0,6,Ireland,30.7,4755335.0,2983355.0,297534.78,2.04,62568.63,227.4,66000.0,1.2617
331,2017.0,8,Ireland,34.2,4807388.0,3026107.0,324134.43,8.94,67424.23,220.15,65490.0,1.6641
332,2018.0,9,Ireland,38.2,4867316.0,3074684.0,353404.29,9.03,72607.63,217.43,63700.0,1.8491
333,2019.0,9,Ireland,38.2,4934340.0,3128618.0,370781.2,4.92,75143.02,252.34,61480.0,1.824
334,2020.0,9,Ireland,38.4,4985674.0,3173531.0,392534.84,5.87,78732.55,239.95,61480.0,1.8052
335,2021.0,9,Ireland,42.9,5028230.0,3213642.0,445443.27,13.48,88588.48,229.4,61480.0,1.7899
336,2022.0,9,Ireland,54.8,5028230.0,3213642.0,445443.27,13.48,88588.48,229.4,61480.0,1.7899
337,2010.0,10,Israel,28.3,7623600.0,7000447.0,247802.93,5.68,32504.71,67.46,89290.0,1.3117
338,2011.0,16,Israel,46.7,7765800.0,7136149.0,261537.63,5.54,33678.13,70.77,89080.0,2.0603
339,2012.0,13,Israel,41.5,7910500.0,7274496.0,268920.83,2.82,33995.43,71.84,95590.0,1.6434
340,2013.0,13,Israel,41.5,8059500.0,7417238.0,281767.72,4.78,34960.94,65.4,87130.0,1.613
341,2014.0,9,Israel,29.2,8215700.0,7566988.0,293389.93,4.12,35710.89,62.8,85290.0,1.0955
342,2015.0,17,Israel,54.2,8380100.0,7724692.0,300078.28,2.28,35808.44,59.83,87230.0,2.0286
343,2016.0,17,Israel,48.2,8546000.0,7884198.0,313470.03,4.46,36680.32,58.55,86950.0,1.9892
344,2017.0,18,Israel,54.1,8713300.0,8045513.0,327190.76,4.38,37550.73,56.99,88470.0,2.0658
345,2018.0,20,Israel,57.0,8882800.0,8209306.0,340224.15,3.98,38301.45,59.16,84770.0,2.2515
346,2019.0,20,Israel,57.0,9054000.0,8375041.0,353062.82,3.77,38995.23,56.84,87180.0,2.209
347,2020.0,21,Israel,60.8,9215100.0,8531985.0,345459.86,-2.15,37488.45,51.41,87180.0,2.2789
348,2021.0,25,Israel,73.0,9364000.0,8677993.0,373746.25,8.19,39913.1,54.97,87180.0,2.6698
349,2022.0,30,Israel,112.6,9364000.0,8677993.0,373746.25,8.19,39913.1,54.97,87180.0,2.6698
350,2010.0,13,Italy,58.4,59277417.0,40502481.0,1900325.75,1.71,32058.17,52.01,483090.0,0.2193
351,2011.0,13,Italy,60.2,59379449.0,40641670.0,1913767.39,0.71,32229.46,55.15,472470.0,0.2189
352,2012.0,16,Italy,76.5,59539717.0,40894259.0,1856719.78,-2.98,31184.56,55.65,454260.01,0.2687
353,2013.0,16,Italy,76.5,60233948.0,41548775.0,1822536.36,-1.84,30257.63,54.87,422299.99,0.2656
354,2014.0,20,Italy,74.4,60789140.0,42109853.0,1822453.48,0.0,29979.92,55.32,402579.99,0.329
355,2015.0,39,Italy,155.79999999999998,60730582.0,42247229.0,1836637.71,0.78,30242.39,56.42,414250.0,0.6422
356,2016.0,43,Italy,150.8,60627498.0,42351339.0,1860393.94,1.29,30685.65,55.37,409769.99,0.7092
357,2017.0,42,Italy,151.9,60536709.0,42462869.0,1891422.68,1.67,31244.23,58.6,404500.0,0.6938
358,2018.0,43,Italy,170.4,60421760.0,42559879.0,1908933.68,0.93,31593.48,60.3,398030.0,0.7117
359,2019.0,43,Italy,170.4,59729081.0,42249963.0,1918482.82,0.5,32119.74,59.88,389000.0,0.7199
360,2020.0,39,Italy,156.8,59449527.0,42232349.0,1745326.91,-9.03,29358.13,55.4,389000.0,0.656
361,2021.0,51,Italy,204.5,59066225.0,42141389.0,1861282.77,6.64,31511.79,63.06,389000.0,0.8634
362,2022.0,52,Italy,194.5,59066225.0,42141389.0,1861282.77,6.64,31511.79,63.06,389000.0,0.8634
363,2010.0,22,Japan,68.6,128070000.0,116302928.0,4218907.82,4.1,32942.2,28.5,1234729.98,0.1718
364,2011.0,24,Japan,71.9,127833000.0,116416235.0,4219912.32,0.02,33011.13,30.19,1293439.94,0.1877
365,2012.0,24,Japan,73.3,127629000.0,116331281.0,4277925.61,1.37,33518.44,30.47,1336089.97,0.188
366,2013.0,24,Japan,73.3,127445000.0,116262976.0,4363702.3,2.01,34239.89,33.98,1348189.94,0.1883
367,2014.0,13,Japan,71.1,127276000.0,116208079.0,4376627.83,0.3,34386.91,37.43,1305829.96,0.1021
368,2015.0,24,Japan,97.75,127141000.0,116182717.0,4444930.65,1.56,34960.64,35.43,1270469.97,0.1888
369,2016.0,27,Japan,85.4,127076000.0,116219897.0,4478437.73,0.75,35242.2,31.31,1261870.0,0.2125
370,2017.0,33,Japan,114.5,126972000.0,116223820.0,4553466.42,1.68,35861.97,34.42,1246640.01,0.2599
371,2018.0,35,Japan,138.1,126811000.0,116179166.0,4580061.76,0.58,36117.23,36.63,1204370.0,0.276
372,2019.0,35,Japan,138.1,126633000.0,116119928.0,4569053.54,-0.24,36081.07,35.18,1166510.01,0.2764
373,2020.0,33,Japan,157.5,126261000.0,115884871.0,4363130.66,-4.51,34556.44,31.36,1166510.01,0.2614
374,2021.0,49,Japan,225.4,125681593.0,115459909.0,4433848.09,1.62,35278.42,31.36,1166510.01,0.3899
375,2022.0,40,Japan,154.5,125681593.0,115459909.0,4433848.09,1.62,35278.42,31.36,1166510.01,0.3899
376,2010.0,5,Kazakhstan,10.3,16321872.0,9275230.0,146559.51,7.3,8979.33,74.14,290570.01,0.3063
377,2011.0,5,Kazakhstan,12.0,16557202.0,9421048.0,157404.92,7.4,9506.73,73.12,305450.01,0.302
378,2012.0,3,Kazakhstan,7.8,16792090.0,9566957.0,164960.35,4.8,9823.69,73.72,303250.0,0.1787
379,2013.0,3,Kazakhstan,7.8,17035551.0,9718100.0,174857.97,6.0,10264.3,65.41,317530.0,0.1761
380,2014.0,3,Kazakhstan,5.800000000000001,17288285.0,9874723.0,182202.01,4.2,10539.04,64.97,268829.99,0.1735
381,2015.0,5,Kazakhstan,10.8,17542806.0,10032906.0,184388.43,1.2,10510.77,53.05,250220.0,0.285
382,2016.0,5,Kazakhstan,9.3,17794055.0,10189588.0,186416.7,1.1,10476.35,60.31,259510.01,0.281
383,2017.0,5,Kazakhstan,10.5,18037776.0,10342139.0,194059.79,4.1,10758.52,56.83,279959.99,0.2772
384,2018.0,5,Kazakhstan,14.4,18276452.0,10495801.0,202016.24,4.1,11053.36,63.53,278540.01,0.2736
385,2019.0,5,Kazakhstan,14.4,18513673.0,10652767.0,211106.97,4.5,11402.76,64.86,274670.01,0.2701
386,2020.0,4,Kazakhstan,12.6,18755666.0,10816580.0,205829.3,-2.5,10974.25,56.22,274670.01,0.2133
387,2021.0,5,Kazakhstan,16.9,19002586.0,10987485.0,214062.47,4.0,11264.91,56.22,274670.01,0.2631
388,2022.0,5,Kazakhstan,17.4,19002586.0,10987485.0,214062.47,4.0,11264.91,56.22,274670.01,0.2631
389,2010.0,1,Kuwait,8.7,2991884.0,2991884.0,95846.14,-2.37,32035.38,97.03,107360.0,0.3342
390,2011.0,3,Kuwait,13.2,3168054.0,3168054.0,105074.59,9.63,33166.92,99.09,113060.0,0.947
391,2012.0,5,Kuwait,6.8,3348852.0,3348852.0,112036.64,6.63,33455.24,101.01,117630.0,1.493
392,2013.0,5,Kuwait,6.8,3526382.0,3526382.0,113324.28,1.15,32136.13,97.61,121870.0,1.4179
393,2014.0,2,Kuwait,2.6,3690939.0,3690939.0,113891.9,0.5,30857.16,100.04,121110.0,0.5419
394,2015.0,5,Kuwait,5.85,3835588.0,3835588.0,114567.3,0.59,29869.55,98.7,125980.0,1.3036
395,2017.0,4,Kuwait,5.4,4056102.0,4056102.0,112362.9,-4.71,27702.19,97.84,131100.01,0.9862
396,2018.0,4,Kuwait,5.199999999999999,4137314.0,4137314.0,115097.79,2.43,27819.45,103.12,133840.0,0.9668
397,2019.0,4,Kuwait,5.199999999999999,4207077.0,4207077.0,114462.5,-0.55,27207.13,98.18,136690.0,0.9508
398,2020.0,1,Kuwait,1.3,4270563.0,4270563.0,104326.53,-8.86,24429.22,98.18,136690.0,0.2342
399,2010.0,4,Lebanon,8.3,4953064.0,4325709.0,45147.47,7.98,9115.06,95.1,25250.0,0.8076
400,2011.0,6,Lebanon,13.1,5202022.0,4550937.0,45539.06,0.87,8754.11,102.14,25930.0,1.1534
401,2012.0,6,Lebanon,12.8,5537620.0,4852949.0,46707.04,2.56,8434.5,88.55,28570.0,1.0835
402,2013.0,6,Lebanon,12.8,5913016.0,5191037.0,48494.92,3.83,8201.39,86.17,28550.0,1.0147
403,2014.0,3,Lebanon,8.4,6261046.0,5506402.0,49699.57,2.48,7937.9,79.82,30740.0,0.4792
404,2015.0,7,Lebanon,14.049999999999999,6532681.0,5755684.0,49929.34,0.46,7643.01,71.84,32880.0,1.0715
405,2016.0,7,Lebanon,12.5,6714281.0,5926427.0,50705.51,1.55,7551.89,67.72,34050.0,1.0426
406,2017.0,4,Lebanon,9.0,6819373.0,6030303.0,51163.4,0.9,7502.65,68.46,35930.0,0.5866
407,2018.0,7,Lebanon,13.3,6859408.0,6076955.0,50199.12,-1.88,7318.29,68.26,34680.0,1.0205
408,2019.0,7,Lebanon,13.3,6855709.0,6084990.0,46727.89,-6.91,6815.91,62.98,35210.0,1.021
409,2020.0,6,Lebanon,10.4,6825442.0,6069524.0,34621.75,-25.91,5072.46,87.42,35210.0,0.8791
410,2021.0,6,Lebanon,10.8,6769151.0,6030840.0,30979.76,-10.52,4576.61,87.42,35210.0,0.8864
411,2022.0,6,Lebanon,12.6,6769151.0,6030840.0,30979.76,-10.52,4576.61,87.42,35210.0,0.8864
412,2016.0,1,Liechtenstein,2.5,37655.0,5386.0,,,,,160.0,26.5569
413,2017.0,1,Liechtenstein,2.7,37805.0,5412.0,,,,,170.0,26.4515
414,2018.0,1,Liechtenstein,3.9,37918.0,5437.0,,,,,160.0,26.3727
415,2019.0,1,Liechtenstein,3.9,38020.0,5464.0,,,,,160.0,26.3019
416,2020.0,1,Liechtenstein,3.3,38137.0,5498.0,,,,,160.0,26.2213
417,2021.0,1,Liechtenstein,5.5,38254.0,5536.0,,,,,160.0,26.1411
418,2022.0,1,Liechtenstein,2.3,38254.0,5536.0,,,,,160.0,26.1411
419,2015.0,1,Lithuania,1.0,2904910.0,1952971.0,41435.53,2.02,14263.96,138.55,18870.0,0.3442
420,2017.0,1,Macao,1.0,622578.0,622578.0,49208.81,9.98,79040.39,114.76,,1.6062
421,2018.0,1,Macao,1.4,631633.0,631633.0,52389.97,6.46,82943.68,115.63,,1.5832
422,2019.0,1,Macao,1.4,640446.0,640446.0,51073.94,-2.51,79747.46,114.39,,1.5614
423,2020.0,1,Macao,2.0,649342.0,649342.0,23488.19,-54.01,36172.29,121.25,,1.54
424,2021.0,1,Macao,3.1,658391.0,658391.0,27713.91,17.99,42093.4,164.18,,1.5189
425,2022.0,1,Macao,1.9,658391.0,658391.0,27713.91,17.99,42093.4,164.18,,1.5189
426,2010.0,9,Malaysia,39.3,28208028.0,20002877.0,232653.67,7.42,8247.78,157.94,250390.0,0.3191
427,2011.0,9,Malaysia,44.1,28650962.0,20516667.0,244970.16,5.29,8550.15,154.94,253770.0,0.3141
428,2012.0,9,Malaysia,45.300000000000004,29068189.0,21009034.0,258378.48,5.47,8888.7,147.84,258370.0,0.3096
429,2013.0,9,Malaysia,45.300000000000004,29468923.0,21491686.0,270506.05,4.69,9179.37,142.72,277890.01,0.3054
430,2014.0,3,Malaysia,20.0,29866606.0,21974953.0,286754.6,6.01,9601.18,138.31,292799.99,0.1004
431,2015.0,12,Malaysia,48.93,30270965.0,22464991.0,301354.8,5.09,9955.24,131.37,293609.99,0.3964
432,2016.0,10,Malaysia,39.5,30684652.0,22964394.0,314764.43,4.45,10258.04,126.9,293679.99,0.3259
433,2017.0,12,Malaysia,45.7,31104655.0,23467529.0,333060.82,5.81,10707.75,133.16,285390.01,0.3858
434,2018.0,14,Malaysia,61.8,31528033.0,23972655.0,349191.24,4.84,11075.58,130.4,302600.01,0.444
435,2019.0,14,Malaysia,61.8,31949789.0,24475775.0,364693.37,4.44,11414.58,122.99,313019.99,0.4382
436,2020.0,13,Malaysia,55.1,32365998.0,24973604.0,344099.36,-5.65,10631.51,116.43,313019.99,0.4017
437,2021.0,17,Malaysia,68.0,32776195.0,25465792.0,354878.58,3.13,10827.33,130.73,313019.99,0.5187
438,2022.0,17,Malaysia,63.1,32776195.0,25465792.0,354878.58,3.13,10827.33,130.73,313019.99,0.5187
439,2010.0,9,Mexico,90.3,114092961.0,88781438.0,1012981.36,5.12,8878.56,60.76,642909.97,0.0789
440,2011.0,11,Mexico,125.1,115695468.0,90370887.0,1050086.94,3.66,9076.3,63.47,662969.97,0.0951
441,2012.0,11,Mexico,129.7,117274156.0,91948802.0,1088334.5,3.64,9280.26,65.77,672120.0,0.0938
442,2013.0,11,Mexico,129.7,118827158.0,93515785.0,1103071.55,1.35,9282.99,63.76,658479.98,0.0926
443,2014.0,7,Mexico,101.9,120355137.0,95072133.0,1134506.59,2.85,9426.32,64.93,649409.97,0.0582
444,2015.0,16,Mexico,144.4,121858251.0,96615314.0,1171867.61,3.29,9616.65,71.09,667049.99,0.1313
445,2016.0,14,Mexico,99.6,123333379.0,98145003.0,1202693.97,2.63,9751.57,76.06,674000.0,0.1135
446,2017.0,15,Mexico,116.7,124777326.0,99655907.0,1228108.44,2.11,9842.4,77.12,671599.98,0.1202
447,2018.0,16,Mexico,141.0,126190782.0,101149483.0,1255065.36,2.19,9945.78,80.56,654250.0,0.1268
448,2019.0,16,Mexico,141.0,127575529.0,102626859.0,1252732.11,-0.19,9819.53,77.87,653870.0,0.1254
449,2020.0,14,Mexico,114.0,128932753.0,104088701.0,1150416.99,-8.17,8922.61,77.16,653870.0,0.1086
450,2021.0,13,Mexico,136.1,130262220.0,105533240.0,1205604.7,4.8,9255.21,82.36,653870.0,0.0998
451,2022.0,15,Mexico,160.9,130262220.0,105533240.0,1205604.7,4.8,9255.21,82.36,653870.0,0.0998
452,2010.0,1,Monaco,1.2,35609.0,35609.0,4703.74,2.1,132094.01,0.0998,0.0998,28.0828
453,2011.0,2,Monaco,4.2,36025.0,36025.0,5033.0,7.0,139708.46,,,55.517
454,2012.0,2,Monaco,4.2,36459.0,36459.0,5083.94,1.01,139442.72,,,54.8561
455,2013.0,2,Monaco,4.2,36899.0,36899.0,5570.72,9.57,150972.22,,,54.202
456,2014.0,3,Monaco,4.6,37320.0,37320.0,5971.21,7.19,160000.37,,,80.3859
457,2015.0,3,Monaco,4.65,37723.0,37723.0,6261.62,4.86,165989.51,,,79.5271
458,2016.0,4,Monaco,7.1,38070.0,38070.0,6477.75,3.45,170153.54,,,105.0696
459,2017.0,4,Monaco,7.1,38392.0,38392.0,6250.96,-3.5,162819.38,,,104.1884
460,2018.0,4,Monaco,6.9,38682.0,38682.0,6623.29,5.96,171223.98,,,103.4073
461,2019.0,4,Monaco,6.9,38967.0,38967.0,7080.67,6.91,181709.34,,,102.651
462,2020.0,4,Monaco,5.9,39244.0,39244.0,6248.49,-11.75,159221.62,,,101.9264
463,2021.0,3,Monaco,4.8,39520.0,39520.0,6248.49,-11.75,159221.62,,,75.9109
464,2022.0,4,Monaco,15.100000000000001,39520.0,39520.0,6248.49,-11.75,159221.62,,,75.9109
465,2012.0,3,Morocco,6.8,33241898.0,19659923.0,90182.34,3.01,2673.05,85.12,77550.0,0.0902
466,2013.0,3,Morocco,6.8,33715705.0,20128276.0,94272.49,4.54,2754.85,80.02,78040.0,0.089
467,2014.0,2,Morocco,4.199999999999999,34192358.0,20602947.0,96789.09,2.67,2788.72,81.77,79240.0,0.0585
468,2015.0,3,Morocco,5.3,34663608.0,21078593.0,101179.81,4.54,2875.26,77.2,81460.0,0.0865
469,2016.0,2,Morocco,3.2,35126274.0,21553482.0,102252.17,1.06,2867.02,80.86,80260.0,0.0569
470,2017.0,3,Morocco,4.5,35581257.0,22027645.0,106602.59,4.25,2950.21,84.0,84990.0,0.0843
471,2018.0,2,Morocco,3.8000000000000003,36029089.0,22501247.0,109958.98,3.15,3004.63,87.98,86810.0,0.0555
472,2019.0,2,Morocco,3.8000000000000003,36471766.0,22975024.0,112826.64,2.61,3044.91,87.23,93080.0,0.0548
473,2020.0,2,Morocco,2.7,36910558.0,23450016.0,105726.17,-6.29,2818.77,77.48,93080.0,0.0542
474,2021.0,2,Morocco,3.2,37344787.0,23924938.0,113521.07,7.37,2990.81,83.97,93080.0,0.0536
475,2022.0,2,Morocco,3.3,37344787.0,23924938.0,113521.07,7.37,2990.81,83.97,93080.0,0.0536
476,2015.0,1,Nepal,1.3,27015033.0,5013180.0,24360.8,3.98,901.75,46.67,36260.0,0.037
477,2016.0,1,Nepal,1.1,27263430.0,5164239.0,24466.31,0.43,897.4,42.12,39780.0,0.0367
478,2017.0,1,Nepal,1.3,27632682.0,5343055.0,26662.71,8.98,964.9,44.64,42470.0,0.0362
479,2018.0,1,Nepal,1.5,28095712.0,5546094.0,28695.05,7.62,1021.33,48.45,45630.0,0.0356
480,2019.0,1,Nepal,1.5,28608715.0,5765514.0,30605.29,6.66,1069.79,49.25,44220.0,0.035
481,2020.0,1,Nepal,1.4,29136808.0,5995190.0,29880.06,-2.37,1025.51,40.92,44220.0,0.0343
482,2021.0,1,Nepal,1.4,29674920.0,6234107.0,31149.05,4.25,1049.68,43.81,44220.0,0.0337
483,2022.0,1,Nepal,1.5,29674920.0,6234107.0,31149.05,4.25,1049.68,43.81,44220.0,0.0337
484,2010.0,5,Netherlands,14.9,16615394.0,14477657.0,737565.72,1.34,44390.5,131.52,200509.99,0.3009
485,2011.0,6,Netherlands,17.9,16693074.0,14669707.0,749006.76,1.55,44869.31,142.47,187340.0,0.3594
486,2012.0,6,Netherlands,16.7,16754962.0,14842886.0,741289.34,-1.03,44242.97,149.27,185720.0,0.3581
487,2013.0,6,Netherlands,16.7,16804432.0,14987369.0,740324.36,-0.13,44055.3,149.55,185390.0,0.357
488,2014.0,4,Netherlands,19.400000000000002,16865008.0,15126226.0,750862.11,1.42,44521.89,150.05,178190.0,0.2372
489,2015.0,9,Netherlands,27.5,16939923.0,15275237.0,765572.77,1.96,45193.4,157.82,186450.0,0.5313
490,2016.0,9,Netherlands,28.2,17030314.0,15435425.0,782351.93,2.19,45938.79,148.86,187340.0,0.5285
491,2017.0,10,Netherlands,31.6,17131296.0,15602670.0,805125.44,2.91,46997.35,156.03,183350.01,0.5837
492,2018.0,9,Netherlands,35.5,17231624.0,15765213.0,824133.76,2.36,47826.82,158.82,177259.99,0.5223
493,2019.0,9,Netherlands,35.5,17344874.0,15935776.0,840250.43,1.96,48443.73,155.27,172230.0,0.5189
494,2020.0,13,Netherlands,38.6,17441500.0,16087342.0,808332.37,-3.8,46345.35,145.3,172230.0,0.7453
495,2021.0,12,Netherlands,43.8,17533405.0,16231024.0,849039.2,5.04,48424.09,156.19,172230.0,0.6844
496,2022.0,11,Netherlands,38.0,17533405.0,16231024.0,849039.2,5.04,48424.09,156.19,172230.0,0.6844
497,2010.0,3,New Zealand,9.4,4350700.0,3748563.0,153987.61,1.52,35393.76,58.25,80060.0,0.6895
498,2011.0,3,New Zealand,10.7,4384000.0,3774624.0,157455.04,2.25,35915.84,59.24,79620.0,0.6843
499,2012.0,3,New Zealand,11.3,4408100.0,3798063.0,160990.38,2.25,36521.49,57.02,82180.0,0.6806
500,2013.0,3,New Zealand,11.3,4442100.0,3830023.0,165329.75,2.7,37218.83,56.02,81800.0,0.6754
501,2014.0,2,New Zealand,9.8,4516500.0,3896881.0,171637.78,3.82,38002.39,55.16,82330.0,0.4428
502,2015.0,2,New Zealand,9.9,4609400.0,3979802.0,178064.47,3.74,38630.73,54.88,82190.0,0.4339
503,2016.0,2,New Zealand,9.100000000000001,4714100.0,4072982.0,184772.96,3.77,39195.81,52.49,80810.0,0.4243
504,2017.0,2,New Zealand,11.4,4813600.0,4162127.0,191384.65,3.58,39759.15,54.18,82440.0,0.4155
505,2018.0,2,New Zealand,12.2,4900600.0,4240881.0,197813.68,3.36,40365.2,55.79,81810.0,0.4081
506,2019.0,2,New Zealand,12.2,4979200.0,4312734.0,202150.7,2.19,40599.03,54.34,83200.0,0.4017
507,2020.0,2,New Zealand,15.6,5090200.0,4413152.0,199618.43,-1.25,39216.22,44.22,83200.0,0.3929
508,2021.0,2,New Zealand,11.1,5122600.0,4445853.0,208894.31,4.65,40778.96,44.22,83200.0,0.3904
509,2022.0,3,New Zealand,13.2,5122600.0,4445853.0,208894.31,4.65,40778.96,44.22,83200.0,0.3904
510,2010.0,1,Nigeria,2.1,158503203.0,68917193.0,380985.47,8.01,2403.65,43.32,247550.0,0.0063
511,2011.0,2,Nigeria,15.8,162805080.0,72230102.0,401207.89,5.31,2464.35,53.28,258100.01,0.0123
512,2012.0,2,Nigeria,15.5,167228803.0,75664344.0,418179.23,4.23,2500.64,44.53,261670.01,0.012
513,2013.0,2,Nigeria,15.5,171765819.0,79214960.0,446077.37,6.67,2597.01,31.05,275380.0,0.0116
514,2014.0,3,Nigeria,32.1,176404931.0,82878565.0,474223.6,6.31,2688.27,30.89,285160.0,0.017
515,2015.0,5,Nigeria,22.9,181137454.0,86652535.0,486803.3,2.65,2687.48,21.33,279340.0,0.0276
516,2016.0,5,Nigeria,29.900000000000002,185960244.0,90531026.0,478932.32,-1.62,2575.46,20.72,289540.01,0.0269
517,2017.0,3,Nigeria,19.599999999999998,190873247.0,94518523.0,482791.98,0.81,2529.39,26.35,293790.01,0.0157
518,2018.0,3,Nigeria,20.9,195874685.0,98611151.0,492074.89,1.92,2512.19,33.01,299620.0,0.0153
519,2019.0,3,Nigeria,20.9,200963603.0,102806950.0,502942.02,2.21,2502.65,34.02,308179.99,0.0149
520,2020.0,3,Nigeria,17.4,206139587.0,107106007.0,493917.97,-1.79,2396.04,34.02,308179.99,0.0146
521,2021.0,3,Nigeria,22.5,211400704.0,111505415.0,511932.08,3.65,2421.62,34.02,308179.99,0.0142
522,2022.0,3,Nigeria,28.2,211400704.0,111505415.0,511932.08,3.65,2421.62,34.02,308179.99,0.0142
523,2010.0,4,Norway,9.0,4889252.0,3867496.0,354111.73,0.7,72426.57,68.25,51390.0,0.8181
524,2011.0,4,Norway,12.0,4953088.0,3935476.0,357587.1,0.98,72194.78,69.67,49520.0,0.8076
525,2012.0,5,Norway,12.6,5018573.0,4008535.0,367253.07,2.7,73178.78,68.22,48310.0,0.9963
526,2013.0,5,Norway,12.6,5079623.0,4078226.0,371050.74,1.03,73046.91,67.55,49220.0,0.9843
527,2014.0,5,Norway,14.4,5137232.0,4145335.0,378358.75,1.97,73650.31,68.66,48870.0,0.9733
528,2015.0,10,Norway,25.0,5188607.0,4207493.0,385801.55,1.97,74355.52,69.86,49270.0,1.9273
529,2016.0,13,Norway,24.8,5234519.0,4265348.0,389935.64,1.07,74493.12,68.94,48740.0,2.4835
530,2017.0,14,Norway,32.4,5276968.0,4320306.0,398994.98,2.32,75610.65,69.16,47720.0,2.653
531,2018.0,15,Norway,39.1,5311916.0,4368945.0,403459.05,1.12,75953.58,70.21,47510.0,2.8238
532,2019.0,15,Norway,39.1,5347896.0,4418218.0,406468.04,0.75,76005.22,71.04,45900.0,2.8048
533,2020.0,12,Norway,30.1,5379475.0,4463566.0,403552.92,-0.72,75017.16,65.33,45900.0,2.2307
534,2021.0,12,Norway,38.3,5408320.0,4506374.0,419382.95,3.92,77544.03,70.68,45900.0,2.2188
535,2022.0,13,Norway,40.9,5408320.0,4506374.0,419382.95,3.92,77544.03,70.68,45900.0,2.2188
536,2015.0,2,Oman,2.2,4267341.0,3471482.0,78710.79,5.02,18444.93,96.38,91480.0,0.4687
537,2016.0,1,Oman,1.5,4479217.0,3695354.0,82682.87,5.05,18459.22,82.86,94730.0,0.2233
538,2017.0,3,Oman,6.699999999999999,4665926.0,3898848.0,82934.28,0.3,17774.45,88.95,94390.0,0.643
539,2018.0,2,Oman,5.4,4829476.0,4082791.0,84001.73,1.29,17393.55,89.28,99520.0,0.4141
540,2019.0,2,Oman,5.4,4974992.0,4250782.0,83053.17,-1.13,16694.13,86.48,100260.0,0.402
541,2020.0,1,Oman,2.5,5106622.0,4405789.0,80394.7,-3.2,15743.22,81.05,100260.0,0.1958
542,2021.0,1,Oman,2.3,5223376.0,4546635.0,80394.7,-3.2,15743.22,81.05,100260.0,0.1914
543,2022.0,1,Oman,2.5,5223376.0,4546635.0,80394.7,-3.2,15743.22,81.05,100260.0,0.1914
544,2010.0,1,Pakistan,1.0,179424643.0,62793242.0,222284.43,1.61,1238.87,32.87,322350.01,0.0056
545,2012.0,2,Peru,4.2,29506790.0,22662395.0,169622.46,6.14,5748.59,52.62,89720.0,0.0678
546,2013.0,2,Peru,4.2,29773986.0,22922694.0,179549.65,5.85,6030.42,49.79,91680.0,0.0672
547,2014.0,1,Peru,2.5,30090372.0,23221643.0,183826.8,2.38,6109.16,46.85,95440.0,0.0332
548,2015.0,6,Peru,8.75,30470739.0,23571250.0,189805.3,3.25,6229.1,45.16,97150.0,0.1969
549,2016.0,3,Peru,3.8000000000000003,30926036.0,23979739.0,197308.91,3.95,6380.03,45.39,100070.0,0.097
550,2017.0,5,Peru,8.4,31444299.0,24438509.0,202278.8,2.52,6432.92,47.51,97640.0,0.159
551,2018.0,6,Peru,10.9,31989265.0,24921877.0,210307.95,3.97,6574.33,48.63,97890.0,0.1876
552,2019.0,6,Peru,10.9,32510462.0,25390346.0,215020.18,2.24,6613.88,46.94,100730.0,0.1846
553,2020.0,4,Peru,7.6,32971846.0,25815966.0,191469.67,-10.95,5807.07,43.53,100730.0,0.1213
554,2021.0,6,Peru,11.4,33359416.0,26187142.0,217029.93,13.35,6505.81,55.5,100730.0,0.1799
555,2022.0,3,Peru,7.800000000000001,33359416.0,26187142.0,217029.93,13.35,6505.81,55.5,100730.0,0.1799
556,2010.0,2,Philippines,5.9,93966784.0,42597023.0,228621.99,7.33,2433.01,66.1,157899.99,0.0213
557,2011.0,4,Philippines,11.4,95570049.0,43505398.0,237442.75,3.86,2484.49,60.8,159810.0,0.0419
558,2012.0,6,Philippines,17.8,97212639.0,44437842.0,253819.07,6.9,2610.97,57.84,164870.0,0.0617
559,2013.0,6,Philippines,17.8,98871558.0,45385011.0,270953.2,6.75,2740.46,55.82,175789.99,0.0607
560,2014.0,5,Philippines,16.3,100513137.0,46329520.0,288153.28,6.35,2866.82,57.47,183370.0,0.0497
561,2015.0,11,Philippines,51.3,102113206.0,47262076.0,306446.14,6.35,3001.04,59.14,192300.0,0.1077
562,2016.0,11,Philippines,41.5,103663812.0,48177757.0,328355.37,7.15,3167.5,61.78,204850.01,0.1061
563,2017.0,14,Philippines,45.8,105172921.0,49096823.0,351113.65,6.93,3338.44,68.17,221060.0,0.1331
564,2018.0,12,Philippines,55.3,106651394.0,50026969.0,373379.47,6.34,3500.93,72.16,226940.0,0.1125
565,2019.0,12,Philippines,55.3,108116622.0,50975906.0,396224.79,6.12,3664.79,68.84,234280.0,0.111
566,2020.0,15,Philippines,34.2,109581085.0,51950201.0,358510.94,-9.52,3271.65,58.17,234280.0,0.1369
567,2021.0,17,Philippines,45.6,111046910.0,52951609.0,378957.38,5.7,3412.59,63.5,234280.0,0.1531
568,2022.0,17,Philippines,43.2,111046910.0,52951609.0,378957.38,5.7,3412.59,63.5,234280.0,0.1531
569,2010.0,4,Poland,6.5,38042794.0,23165018.0,413089.0,3.74,10858.53,81.93,375310.0,0.1051
570,2011.0,3,Poland,6.5,38063255.0,23134846.0,432742.27,4.76,11369.03,86.95,371390.01,0.0788
571,2012.0,4,Poland,8.3,38063164.0,23086831.0,438475.66,1.32,11519.69,89.27,364420.01,0.1051
572,2013.0,4,Poland,8.3,38040196.0,23025350.0,443411.86,1.13,11656.4,90.56,358620.0,0.1052
573,2014.0,2,Poland,4.5,38011735.0,22960228.0,458392.89,3.38,12059.25,93.47,345450.01,0.0526
574,2015.0,5,Poland,11.5,37986412.0,22897449.0,477811.91,4.24,12578.5,95.43,348609.99,0.1316
575,2016.0,3,Poland,7.9,37970087.0,22849639.0,492823.45,3.14,12979.26,100.08,359420.01,0.079
576,2017.0,4,Poland,9.9,37974826.0,22824769.0,516630.06,4.83,13604.54,104.55,372359.99,0.1053
577,2018.0,6,Poland,13.799999999999999,37974750.0,22806875.0,544288.9,5.35,14332.92,107.42,370609.99,0.158
578,2019.0,6,Poland,13.799999999999999,37965475.0,22793332.0,570115.13,4.74,15016.67,106.04,353140.01,0.158
579,2020.0,6,Poland,14.5,37899070.0,22755739.0,555630.45,-2.54,14660.79,105.58,353140.01,0.1583
580,2021.0,8,Poland,20.3,37781024.0,22696950.0,587482.42,5.73,15549.67,117.62,353140.01,0.2117
581,2022.0,7,Poland,20.8,37781024.0,22696950.0,587482.42,5.73,15549.67,117.62,353140.01,0.2117
582,2010.0,2,Portugal,5.5,10573100.0,6403809.0,207976.69,1.74,19670.36,67.78,68070.0,0.1892
583,2011.0,3,Portugal,8.899999999999999,10557560.0,6457743.0,204449.07,-1.7,19365.18,73.1,67190.0,0.2842
584,2012.0,3,Portugal,7.9,10514844.0,6494283.0,196153.97,-4.06,18654.96,76.05,65490.0,0.2853
585,2013.0,3,Portugal,7.9,10457295.0,6520333.0,194344.16,-0.92,18584.55,78.11,63800.0,0.2869
586,2015.0,3,Portugal,8.200000000000001,10358076.0,6578828.0,199394.07,1.79,19250.11,80.49,67510.0,0.2896
587,2016.0,3,Portugal,7.8,10325452.0,6617169.0,203420.8,2.02,19700.91,79.27,66450.0,0.2905
588,2017.0,4,Portugal,10.700000000000001,10300300.0,6659350.0,210553.44,3.51,20441.49,84.44,71030.0,0.3883
589,2018.0,1,Portugal,5.1,10283822.0,6706183.0,216552.79,2.85,21057.62,86.43,66430.0,0.0972
590,2019.0,1,Portugal,5.1,10286263.0,6764658.0,222362.38,2.68,21617.41,86.56,61380.0,0.0972
591,2020.0,1,Portugal,4.5,10297081.0,6827994.0,203589.53,-8.44,19771.58,76.18,61380.0,0.0971
592,2021.0,2,Portugal,7.2,10299423.0,6885061.0,213527.17,4.88,20731.95,87.05,61380.0,0.1942
593,2022.0,1,Portugal,4.7,10299423.0,6885061.0,213527.17,4.88,20731.95,87.05,61380.0,0.1942
594,2016.0,1,Qatar,2.0,2654379.0,2628233.0,166695.98,3.06,62800.37,89.55,109370.0,0.3767
595,2017.0,2,Qatar,3.7,2724727.0,2699605.0,164199.53,-1.5,60262.75,91.49,110060.0,0.734
596,2018.0,2,Qatar,2.8,2781682.0,2757620.0,166227.19,1.23,59757.8,91.84,109180.0,0.719
597,2019.0,2,Qatar,2.8,2832071.0,2809075.0,167515.13,0.77,59149.34,90.32,114760.0,0.7062
598,2020.0,1,Qatar,1.2,2881060.0,2859020.0,161416.82,-3.64,56026.89,90.02,114760.0,0.3471
599,2021.0,2,Qatar,2.9000000000000004,2930524.0,2909366.0,163875.84,1.52,55920.32,90.02,114760.0,0.6825
600,2022.0,2,Qatar,3.3,2930524.0,2909366.0,163875.84,1.52,55920.32,90.02,114760.0,0.6825
601,2010.0,3,Romania,4.300000000000001,20246871.0,10898688.0,154408.59,-3.9,7626.29,71.4,106230.0,0.1482
602,2011.0,2,Romania,3.3000000000000003,20147528.0,10871606.0,157351.73,1.91,7809.98,80.0,110820.0,0.0993
603,2012.0,1,Romania,1.5,20058035.0,10826124.0,160562.75,2.04,8004.91,80.35,108530.0,0.0499
604,2013.0,1,Romania,1.5,19983693.0,10778604.0,166617.51,3.77,8337.67,80.97,99250.0,0.05
605,2015.0,2,Romania,2.15,19815616.0,10678041.0,177729.21,2.95,8969.15,83.59,100850.0,0.1009
606,2016.0,1,Romania,1.0,19702267.0,10619522.0,186087.81,4.7,9444.99,84.6,99340.0,0.0508
607,2017.0,1,Romania,1.1,19588715.0,10565369.0,199708.41,7.32,10195.07,86.52,102120.0,0.051
608,2018.0,1,Romania,1.2,19473970.0,10515554.0,208644.41,4.47,10714.02,87.14,102790.0,0.0514
609,2019.0,1,Romania,1.2,19371648.0,10476962.0,217382.98,4.19,11221.71,84.89,101240.0,0.0516
610,2020.0,2,Romania,2.5,19257520.0,10436420.0,209235.67,-3.75,10865.14,78.64,101240.0,0.1039
611,2021.0,2,Romania,7.7,19115146.0,10385068.0,221538.03,5.88,11589.66,87.36,101240.0,0.1046
612,2022.0,6,Romania,10.2,19115146.0,10385068.0,221538.03,5.88,11589.66,87.36,101240.0,0.1046
613,2010.0,62,Russia,265.0,142849468.0,105261487.0,1250663.29,4.5,8755.11,50.36,2285030.03,0.434
614,2011.0,97,Russia,428.7,142960908.0,105407937.0,1304442.17,4.3,9124.47,48.04,2375290.04,0.6785
615,2012.0,96,Russia,376.1,143201721.0,105669982.0,1356934.05,4.02,9475.68,47.15,2354330.08,0.6704
616,2013.0,96,Russia,376.1,143506995.0,105998572.0,1380753.97,1.76,9621.51,46.29,2317629.88,0.669
617,2014.0,47,Russia,222.2,143819667.0,106354644.0,1390920.01,0.74,9520.94,47.8,2302340.09,0.3268
618,2015.0,88,Russia,336.5,144096870.0,106703732.0,1363481.06,-1.97,9313.01,49.36,2287290.04,0.6107
619,2016.0,78,Russia,284.7,144342397.0,107050095.0,1366121.99,0.19,9313.97,46.52,2285750.0,0.5404
620,2017.0,96,Russia,386.3,144496739.0,107349517.0,1391064.51,1.83,9473.18,46.88,2324570.07,0.6644
621,2018.0,101,Russia,409.3,144477859.0,107539205.0,1430115.11,2.81,9739.9,51.58,2419469.97,0.6991
622,2019.0,101,Russia,409.3,144406261.0,107708298.0,1461550.12,2.2,9958.46,49.23,2476840.09,0.6994
623,2020.0,100,Russia,465.6,144073139.0,107700434.0,1422332.4,-2.68,9711.42,45.96,2476840.09,0.6941
624,2021.0,118,Russia,586.0,143446060.0,107489871.0,1490885.86,4.82,10219.75,52.13,2476840.09,0.8226
625,2022.0,81,Russia,300.4,143446060.0,107489871.0,1490885.86,4.82,10219.75,52.13,2476840.09,0.8226
626,2010.0,10,Saudi Arabia,59.4,27421468.0,22508638.0,509171.78,5.04,18568.36,82.55,569679.99,0.3647
627,2011.0,8,Saudi Arabia,54.800000000000004,28267591.0,23264793.0,560072.99,10.0,19813.26,85.54,601750.0,0.283
628,2012.0,8,Saudi Arabia,51.0,29154906.0,24058628.0,590380.91,5.41,20249.8,83.51,638880.0,0.2744
629,2013.0,8,Saudi Arabia,51.0,30052058.0,24865073.0,606316.95,2.7,20175.56,82.71,654849.98,0.2662
630,2014.0,4,Saudi Arabia,28.7,30916603.0,25648414.0,628462.59,3.65,20327.67,80.64,698289.98,0.1294
631,2015.0,10,Saudi Arabia,51.9,31717676.0,26382763.0,654269.74,4.11,20627.92,71.12,731890.01,0.3153
632,2016.0,6,Saudi Arabia,34.6,32443443.0,27058156.0,665200.39,1.67,20503.38,61.86,739820.01,0.1849
633,2017.0,10,Saudi Arabia,42.1,33101183.0,27679871.0,660267.74,-0.74,19946.95,64.19,729310.0,0.3021
634,2010.0,4,Singapore,10.1,5076732.0,5076732.0,247505.6,14.52,48752.94,369.69,55950.0,0.7879
635,2011.0,4,Singapore,10.5,5183688.0,5183688.0,262887.91,6.21,50714.45,379.1,59010.0,0.7717
636,2012.0,5,Singapore,11.6,5312437.0,5312437.0,274548.3,4.44,51680.29,369.21,58610.0,0.9412
637,2013.0,5,Singapore,11.6,5399162.0,5399162.0,287775.02,4.82,53299.94,367.04,59500.0,0.9261
638,2014.0,6,Singapore,10.7,5469724.0,5469724.0,299100.52,3.94,54682.93,360.47,60660.0,1.0969
639,2015.0,19,Singapore,53.55,5535002.0,5535002.0,308004.15,2.98,55646.62,329.47,62380.0,3.4327
640,2016.0,17,Singapore,44.5,5607283.0,5607283.0,318974.32,3.56,56885.72,303.33,63780.0,3.0318
641,2017.0,21,Singapore,59.4,5612253.0,5612253.0,333843.1,4.66,59484.69,316.39,67560.0,3.7418
642,2018.0,22,Singapore,64.5,5638676.0,5638676.0,346066.12,3.66,61373.65,324.32,66520.0,3.9016
643,2019.0,22,Singapore,64.5,5703569.0,5703569.0,349857.87,1.1,61340.17,321.81,67230.0,3.8572
644,2020.0,26,Singapore,107.2,5685807.0,5685807.0,335362.89,-4.14,58982.46,331.73,67230.0,4.5728
645,2021.0,27,Singapore,156.9,5453566.0,5453566.0,360897.29,7.61,66176.39,338.31,67230.0,4.9509
646,2022.0,26,Singapore,106.7,5453566.0,5453566.0,360897.29,7.61,66176.39,338.31,67230.0,4.9509
647,2017.0,1,Slovakia,1.1,5439232.0,2923642.0,93041.68,2.98,17105.67,188.47,40430.0,0.1838
648,2018.0,1,Slovakia,1.3,5446771.0,2926332.0,96572.07,3.79,17730.15,190.7,39880.0,0.1836
649,2019.0,1,Slovakia,1.3,5454147.0,2930459.0,99088.13,2.61,18167.48,184.13,38060.0,0.1833
650,2020.0,2,Slovakia,2.6,5458827.0,2934665.0,94769.12,-4.36,17360.71,169.95,38060.0,0.3664
651,2021.0,2,Slovakia,2.9,5447247.0,2931708.0,97631.59,3.02,17923.11,188.36,38060.0,0.3672
652,2022.0,2,Slovakia,3.0,5447247.0,2931708.0,97631.59,3.02,17923.11,188.36,38060.0,0.3672
653,2010.0,3,South Africa,9.6,51216967.0,31866173.0,311653.6,3.04,6084.97,50.41,534120.0,0.0586
654,2011.0,4,South Africa,16.7,52003759.0,32630279.0,321528.52,3.17,6182.79,54.64,518340.03,0.0769
655,2012.0,4,South Africa,17.7,52832659.0,33428280.0,329233.09,2.4,6231.62,55.58,538549.99,0.0757
656,2013.0,4,South Africa,17.7,53687125.0,34248628.0,337416.08,2.49,6284.86,58.88,548349.98,0.0745
657,2014.0,5,South Africa,19.6,54544184.0,35078456.0,342186.56,1.41,6273.57,59.5,560859.99,0.0917
658,2015.0,7,South Africa,28.55,55386369.0,35905875.0,346709.79,1.32,6259.84,56.73,536120.0,0.1264
659,2016.0,6,South Africa,21.8,56207649.0,36726640.0,349013.86,0.66,6209.37,55.86,536190.0,0.1067
660,2017.0,8,South Africa,26.599999999999998,57009751.0,37540921.0,353055.25,1.16,6192.89,53.54,550700.01,0.1403
661,2018.0,5,South Africa,20.9,57792520.0,38348227.0,358307.36,1.49,6199.89,54.51,549650.02,0.0865
662,2019.0,5,South Africa,20.9,58558267.0,39149715.0,358712.44,0.11,6125.74,54.15,555429.99,0.0854
663,2020.0,4,South Africa,17.1,59308690.0,39946775.0,335640.15,-6.43,5659.21,51.13,555429.99,0.0674
664,2021.0,5,South Africa,22.1,60041996.0,40736693.0,352135.53,4.91,5864.82,56.07,555429.99,0.0833
665,2022.0,5,South Africa,25.0,60041996.0,40736693.0,352135.53,4.91,5864.82,56.07,555429.99,0.0833
666,2010.0,11,South Korea,23.8,49554112.0,40602657.0,1261201.91,6.8,25451.0,91.4,645520.02,0.222
667,2011.0,17,South Korea,42.0,49936638.0,40909592.0,1307685.62,3.69,26186.9,105.57,669570.01,0.3404
668,2012.0,20,South Korea,47.0,50199853.0,41089082.0,1339103.18,2.4,26675.44,105.46,673010.01,0.3984
669,2013.0,20,South Korea,47.0,50428893.0,41240244.0,1381481.89,3.16,27394.65,97.95,673440.0,0.3966
670,2014.0,13,South Korea,33.6,50746659.0,41463573.0,1425723.21,3.2,28094.92,90.61,662919.98,0.2562
671,2015.0,30,South Korea,77.5,51014947.0,41645542.0,1465773.25,2.81,28732.23,79.13,683859.99,0.5881
672,2016.0,31,South Korea,75.1,51217803.0,41774264.0,1508967.85,2.95,29461.78,73.6,694679.99,0.6053
673,2017.0,38,South Korea,92.7,51361911.0,41861498.0,1556645.74,3.16,30307.4,77.12,708429.99,0.7398
674,2018.0,44,South Korea,126.8,51585058.0,42020672.0,1601903.71,2.91,31053.64,78.99,715500.0,0.853
675,2019.0,44,South Korea,126.8,51764822.0,42152095.0,1637850.08,2.24,31640.21,75.76,698460.02,0.85
676,2020.0,31,South Korea,92.1,51836239.0,42201956.0,1623895.08,-0.85,31327.41,69.22,698460.02,0.598
677,2021.0,43,South Korea,121.4,51744876.0,42127573.0,1689194.48,4.02,32644.67,79.76,698460.02,0.831
678,2022.0,41,South Korea,109.3,51744876.0,42127573.0,1689194.48,4.02,32644.67,79.76,698460.02,0.831
679,2010.0,13,Spain,50.4,46576897.0,36535850.0,1197152.2,0.16,25702.7,52.93,349269.99,0.2791
680,2011.0,14,Spain,61.6,46742697.0,36773882.0,1187402.91,-0.81,25402.96,58.79,348739.99,0.2995
681,2012.0,16,Spain,70.9,46773055.0,36904876.0,1152262.42,-2.96,24635.18,60.85,342350.01,0.3421
682,2013.0,16,Spain,70.9,46620045.0,36891840.0,1135722.91,-1.44,24361.26,62.0,315989.99,0.3432
683,2014.0,12,Spain,91.7,46480882.0,36890017.0,1151440.27,1.38,24772.34,63.87,314690.0,0.2582
684,2015.0,21,Spain,116.3,46444832.0,36971015.0,1195600.0,3.84,25742.37,64.21,325280.0,0.4521
685,2016.0,21,Spain,113.2,46484062.0,37112875.0,1231842.23,3.03,26500.31,63.77,315700.01,0.4518
686,2017.0,25,Spain,124.7,46593236.0,37311863.0,1268472.8,2.97,27224.4,66.69,332220.0,0.5366
687,2018.0,29,Spain,136.0,46797754.0,37588424.0,1297505.43,2.29,27725.81,67.61,324880.0,0.6197
688,2019.0,29,Spain,136.0,47134837.0,37974181.0,1324560.9,2.09,28101.53,66.98,306950.01,0.6153
689,2020.0,25,Spain,116.8,47363419.0,38274379.0,1181205.18,-10.82,24939.19,59.77,306950.01,0.5278
690,2021.0,30,Spain,137.0,47326687.0,38361119.0,1241794.57,5.13,26238.78,68.33,306950.01,0.6339
691,2022.0,27,Spain,116.0,47326687.0,38361119.0,1241794.57,5.13,26238.78,68.33,306950.01,0.6339
692,2012.0,1,St. Kitts and Nevis,1.6,49881.0,15494.0,836.74,-0.52,16774.7,,430.0,20.0477
693,2013.0,1,St. Kitts and Nevis,1.6,50328.0,15584.0,884.48,5.71,17574.31,,320.0,19.8697
694,2014.0,1,St. Kitts and Nevis,1.2,50776.0,15682.0,951.59,7.59,18740.9,,320.0,19.6943
695,2015.0,1,St. Kitts and Nevis,1.2,51204.0,15785.0,958.41,0.72,18717.43,,330.0,19.5297
696,2017.0,2,St. Kitts and Nevis,4.9,52036.0,16013.0,1005.22,0.94,19317.79,,340.0,38.4349
697,2018.0,3,St. Kitts and Nevis,4.2,52438.0,16138.0,1032.06,2.67,19681.49,,350.0,57.2104
698,2019.0,3,St. Kitts and Nevis,4.2,52834.0,16272.0,1081.64,4.8,20472.38,,350.0,56.7816
699,2020.0,2,St. Kitts and Nevis,2.6,53192.0,16406.0,925.78,-14.41,17404.41,,350.0,37.5996
700,2021.0,1,St. Kitts and Nevis,1.6,53546.0,16549.0,916.29,-1.02,17112.21,,350.0,18.6755
701,2022.0,1,St. Kitts and Nevis,1.5,53546.0,16549.0,916.29,-1.02,17112.21,,350.0,18.6755
702,2010.0,10,Sweden,83.7,9378126.0,7976659.0,453619.11,5.95,48369.91,84.25,60700.0,1.0663
703,2011.0,10,Sweden,73.9,9449213.0,8059895.0,468113.75,3.2,49539.97,85.79,56860.0,1.0583
704,2012.0,11,Sweden,75.7,9519374.0,8150488.0,465359.82,-0.59,48885.55,85.28,54050.0,1.1555
705,2013.0,11,Sweden,75.7,9600379.0,8250182.0,470887.25,1.19,49048.82,80.82,52260.0,1.1458
706,2014.0,10,Sweden,67.6,9696110.0,8362604.0,483402.48,2.66,49855.3,82.93,50890.0,1.0313
707,2015.0,23,Sweden,115.7,9799186.0,8481489.0,505103.78,4.49,51545.48,83.72,50850.0,2.3471
708,2016.0,26,Sweden,112.0,9923085.0,8618398.0,515562.43,2.07,51955.86,82.32,50390.0,2.6202
709,2017.0,31,Sweden,117.5,10057698.0,8764881.0,528801.68,2.57,52576.81,84.93,49990.0,3.0822
710,2018.0,32,Sweden,124.6,10175214.0,8896291.0,539113.43,1.95,52983.01,89.13,47190.0,3.1449
711,2019.0,32,Sweden,124.6,10278887.0,9015406.0,549821.28,1.99,53490.35,91.43,46190.0,3.1132
712,2020.0,32,Sweden,141.7,10353442.0,9108648.0,533633.54,-2.94,51541.66,84.52,46190.0,3.0908
713,2021.0,41,Sweden,182.0,10415811.0,9190703.0,559251.22,4.8,53692.53,88.16,46190.0,3.9363
714,2022.0,45,Sweden,165.70000000000002,10415811.0,9190703.0,559251.22,4.8,53692.53,88.16,46190.0,3.9363
715,2010.0,11,Switzerland,41.0,7824909.0,5759681.0,641851.65,3.27,82026.72,117.88,54720.0,1.4058
716,2011.0,11,Switzerland,42.1,7912398.0,5825978.0,654178.07,1.92,82677.6,123.09,50600.0,1.3902
717,2012.0,9,Switzerland,37.2,7996861.0,5889928.0,662140.68,1.22,82800.07,124.07,51910.0,1.1254
718,2013.0,9,Switzerland,37.2,8089346.0,5959745.0,674202.69,1.82,83344.52,130.89,52930.0,1.1126
719,2014.0,11,Switzerland,45.2,8188649.0,6034707.0,690699.38,2.45,84348.39,116.29,49120.0,1.3433
720,2015.0,29,Switzerland,98.6,8282396.0,6105617.0,702149.58,1.66,84776.14,113.12,48350.0,3.5014
721,2016.0,33,Switzerland,93.1,8373338.0,6174416.0,716509.85,2.05,85570.4,119.73,48850.0,3.9411
722,2017.0,36,Switzerland,107.4,8451840.0,6234162.0,727865.24,1.58,86119.15,119.27,47880.0,4.2594
723,2018.0,36,Switzerland,123.8,8514329.0,6283319.0,749096.38,2.92,87980.67,119.98,46610.0,4.2282
724,2019.0,36,Switzerland,123.8,8575280.0,6332759.0,758167.87,1.21,88413.19,119.22,46500.0,4.1981
725,2020.0,36,Switzerland,114.39999999999999,8636561.0,6383714.0,740026.24,-2.39,85685.29,115.89,46500.0,4.1683
726,2021.0,40,Switzerland,145.5,8697723.0,6435967.0,767349.13,3.69,88224.14,125.11,46500.0,4.5989
727,2022.0,41,Switzerland,181.9,8697723.0,6435967.0,767349.13,3.69,88224.14,125.11,46500.0,4.5989
728,2010.0,18,Taiwan,38.5,4.5989,4.5989,4.5989,4.5989,4.5989,4.5989,4.5989,4.5989
729,2011.0,25,Taiwan,62.300000000000004,,,,,,,,
730,2012.0,24,Taiwan,61.5,,,,,,,,
731,2013.0,24,Taiwan,61.5,,,,,,,,
732,2014.0,15,Taiwan,43.9,,,,,,,,
733,2015.0,33,Taiwan,82.05,,,,,,,,
734,2016.0,25,Taiwan,54.1,,,,,,,,
735,2017.0,31,Taiwan,75.2,,,,,,,,
736,2018.0,35,Taiwan,84.4,,,,,,,,
737,2019.0,35,Taiwan,84.4,,,,,,,,
738,2020.0,40,Taiwan,87.8,,,,,,,,
739,2021.0,47,Taiwan,115.6,,,,,,,,
740,2022.0,51,Taiwan,150.9,,,,,,,,
741,2015.0,2,Tanzania,2.25,51482638.0,16277266.0,47378.6,6.16,947.93,40.76,81710.0,0.0388
742,2016.0,1,Tanzania,1.1,53049231.0,17152408.0,50632.14,6.87,983.17,35.42,81450.0,0.0189
743,2017.0,1,Tanzania,1.4,54660345.0,18066884.0,54067.88,6.79,1018.99,32.24,80550.0,0.0183
744,2018.0,1,Tanzania,1.5,56313444.0,19020429.0,57011.86,5.44,1042.99,32.64,81790.0,0.0178
745,2019.0,1,Tanzania,1.5,58005461.0,20011884.0,60318.54,5.8,1071.35,32.96,84000.0,0.0172
746,2020.0,1,Tanzania,1.6,59734213.0,21042571.0,61522.71,2.0,1061.17,29.6,84000.0,0.0167
747,2021.0,1,Tanzania,1.6,61498438.0,22111148.0,64155.32,4.28,1074.89,31.38,84000.0,0.0163
748,2022.0,1,Tanzania,1.5,61498438.0,22111148.0,64155.32,4.28,1074.89,31.38,84000.0,0.0163
749,2010.0,3,Thailand,9.1,67195032.0,29469053.0,346968.11,7.51,5163.6,127.25,350959.99,0.0446
750,2011.0,3,Thailand,15.8,67518379.0,30179365.0,349883.1,0.84,5182.04,139.68,352230.01,0.0444
751,2012.0,5,Thailand,20.6,67835969.0,30828056.0,375224.42,7.24,5531.35,137.67,373850.01,0.0737
752,2013.0,5,Thailand,20.6,68144519.0,31477998.0,385308.56,2.69,5654.29,132.46,385940.0,0.0734
753,2014.0,8,Thailand,20.6,68438748.0,32127201.0,389101.8,0.98,5685.4,130.91,379980.01,0.1169
754,2015.0,16,Thailand,54.8,68714519.0,32772703.0,401296.44,3.13,5840.05,124.84,385010.01,0.2328
755,2016.0,16,Thailand,44.9,68971313.0,33415222.0,415081.6,3.44,6018.18,120.58,395340.0,0.232
756,2017.0,20,Thailand,63.2,69209817.0,34051230.0,432422.39,4.18,6247.99,120.89,402250.0,0.289
757,2018.0,30,Thailand,93.3,69428454.0,34678818.0,450683.02,4.22,6491.33,120.84,407140.01,0.4321
758,2019.0,30,Thailand,93.3,69625581.0,35294600.0,460380.17,2.15,6612.23,109.67,422090.0,0.4309
759,2020.0,30,Thailand,94.6,69799978.0,35898129.0,431857.37,-6.2,6187.07,97.82,422090.0,0.4298
760,2021.0,31,Thailand,105.4,69950844.0,36488459.0,438621.53,1.57,6270.43,116.68,422090.0,0.4432
761,2022.0,28,Thailand,95.3,69950844.0,36488459.0,438621.53,1.57,6270.43,116.68,422090.0,0.4432
762,2010.0,28,Turkey,42.8,72326992.0,51225592.0,614171.06,8.43,8491.59,46.69,370450.01,0.3871
763,2011.0,38,Turkey,65.6,73443254.0,52439952.0,682958.9,11.2,9299.14,53.3,393040.01,0.5174
764,2012.0,34,Turkey,54.3,74651046.0,53729344.0,715662.34,4.79,9586.77,52.83,408590.0,0.4555
765,2013.0,34,Turkey,54.3,75925454.0,55069491.0,776392.14,8.49,10225.72,52.53,399450.01,0.4478
766,2014.0,9,Turkey,14.8,77229262.0,56436828.0,814743.7,4.94,10549.68,53.77,424700.01,0.1165
767,2015.0,32,Turkey,52.45,78529413.0,57806286.0,864316.67,6.08,11006.28,51.09,432040.01,0.4075
768,2016.0,30,Turkey,45.4,79827868.0,59179592.0,893038.64,3.32,11187.05,48.33,459000.0,0.3758
769,2017.0,29,Turkey,48.5,81116451.0,60548564.0,960034.38,7.5,11835.26,55.76,500910.0,0.3575
770,2018.0,36,Turkey,64.7,82340090.0,61872814.0,988642.3,2.98,12006.82,62.55,499290.01,0.4372
771,2019.0,36,Turkey,64.7,83429607.0,63097812.0,997437.12,0.89,11955.43,62.61,488470.0,0.4315
772,2020.0,24,Turkey,41.6,84339067.0,64186247.0,1015326.66,1.79,12038.63,61.14,488470.0,0.2846
773,2021.0,27,Turkey,55.2,85042736.0,65116373.0,1126872.29,10.99,13250.66,71.21,488470.0,0.3175
774,2022.0,24,Turkey,40.8,85042736.0,65116373.0,1126872.29,10.99,13250.66,71.21,488470.0,0.3175
775,2015.0,1,Uganda,1.1,38225447.0,8432534.0,32387.18,5.19,847.27,37.69,39030.0,0.0262
776,2010.0,5,Ukraine,13.2,45870741.0,31465493.0,106195.34,4.09,2315.1,95.73,327540.01,0.109
777,2011.0,9,Ukraine,32.7,45706086.0,31395053.0,111977.98,5.45,2449.96,104.81,343290.01,0.1969
778,2012.0,8,Ukraine,31.1,45593342.0,31360012.0,112148.54,0.15,2459.76,102.62,335940.0,0.1755
779,2013.0,8,Ukraine,31.1,45489648.0,31330995.0,112199.5,0.05,2466.48,94.0,331260.01,0.1759
780,2014.0,4,Ukraine,17.5,45272155.0,31223300.0,100891.03,-10.08,2346.24,100.69,297019.99,0.0884
781,2015.0,5,Ukraine,11.85,45154036.0,31183829.0,91030.96,-9.77,2124.66,107.81,247550.0,0.1107
782,2016.0,5,Ukraine,7.1,45004673.0,31122532.0,93253.01,2.44,2185.32,105.52,259410.0,0.1111
783,2017.0,6,Ukraine,10.6,44831135.0,31043768.0,95453.75,2.36,2246.74,104.03,233340.0,0.1338
784,2018.0,7,Ukraine,13.2,44622518.0,30946609.0,98783.53,3.49,2336.98,99.2,244840.0,0.1569
785,2019.0,7,Ukraine,13.2,44386203.0,30836427.0,101944.11,3.2,2425.63,90.51,233259.99,0.1577
786,2020.0,7,Ukraine,10.4,44132049.0,30719437.0,98118.35,-3.75,2350.4,79.16,233259.99,0.1586
787,2021.0,7,Ukraine,18.9,43814581.0,30563737.0,101454.37,3.4,2451.9,82.62,233259.99,0.1598
788,2022.0,7,Ukraine,11.9,43814581.0,30563737.0,101454.37,3.4,2451.9,82.62,233259.99,0.1598
789,2010.0,4,United Arab Emirates,9.0,8549998.0,7189437.0,278172.54,1.6,32534.81,143.88,201890.0,0.4678
790,2011.0,4,United Arab Emirates,6.9,8946778.0,7553138.0,297445.75,6.93,33246.13,151.67,207490.01,0.4471
791,2012.0,4,United Arab Emirates,7.6,9141598.0,7747413.0,310782.59,4.48,33996.53,164.25,219590.0,0.4376
792,2013.0,4,United Arab Emirates,7.6,9197908.0,7824292.0,326486.68,5.05,35495.75,165.28,230890.0,0.4349
793,2014.0,2,United Arab Emirates,7.0,9214182.0,7866608.0,340885.02,4.41,36995.69,168.49,231800.0,0.2171
794,2015.0,4,United Arab Emirates,19.2,9262896.0,7935894.0,358134.94,5.06,38663.39,175.22,245220.0,0.4318
795,2016.0,5,United Arab Emirates,18.400000000000002,9360975.0,8047162.0,368822.47,2.98,39400.01,176.75,252920.0,0.5341
796,2017.0,5,United Arab Emirates,27.3,9487206.0,8182525.0,377576.65,2.37,39798.51,175.0,248690.0,0.527
797,2018.0,7,United Arab Emirates,24.0,9630966.0,8332904.0,382069.27,1.19,39670.92,159.73,229380.0,0.7268
798,2019.0,7,United Arab Emirates,24.0,9770526.0,8479742.0,395103.71,3.41,40438.33,167.69,243550.0,0.7164
799,2020.0,4,United Arab Emirates,11.2,9890400.0,8609395.0,370866.07,-6.13,37497.58,162.21,243550.0,0.4044
800,2021.0,4,United Arab Emirates,11.0,9991083.0,8722116.0,370866.07,-6.13,37497.58,162.21,243550.0,0.4004
801,2022.0,4,United Arab Emirates,22.9,9991083.0,8722116.0,370866.07,-6.13,37497.58,162.21,243550.0,0.4004
802,2010.0,29,United Kingdom,76.7,62766365.0,51030310.0,2666812.63,2.13,42487.93,58.25,591320.01,0.462
803,2011.0,33,United Kingdom,94.7,63258810.0,51600211.0,2705683.12,1.46,42771.64,62.43,548390.01,0.5217
804,2012.0,36,United Kingdom,98.6,63700215.0,52130345.0,2745453.62,1.47,43099.6,61.11,568539.98,0.5651
805,2013.0,36,United Kingdom,98.6,64128273.0,52650595.0,2797343.19,1.89,43621.06,60.85,551159.97,0.5614
806,2014.0,16,United Kingdom,47.3,64602298.0,53209683.0,2881016.34,2.99,44596.19,57.98,511660.0,0.2477
807,2015.0,53,United Kingdom,171.15,65116219.0,53802927.0,2956573.78,2.62,45404.57,55.92,496299.99,0.8139
808,2016.0,50,United Kingdom,161.8,65611593.0,54382825.0,3023494.75,2.26,46081.72,58.08,476540.01,0.7621
809,2017.0,54,United Kingdom,162.5,66058859.0,54923317.0,3088029.83,2.13,46746.64,61.35,461609.99,0.8175
810,2018.0,54,United Kingdom,202.9,66460344.0,55426598.0,3139010.9,1.65,47231.34,62.31,453429.99,0.8125
811,2019.0,54,United Kingdom,202.9,66836327.0,55909924.0,3191493.41,1.67,47750.88,62.93,440079.99,0.8079
812,2020.0,51,United Kingdom,193.7,67081000.0,56282971.0,2895628.86,-9.27,43166.16,56.43,440079.99,0.7603
813,2021.0,56,United Kingdom,213.9,67326569.0,56656654.0,3111100.51,7.44,46209.11,55.24,440079.99,0.8318
814,2022.0,50,United Kingdom,200.1,67326569.0,56656654.0,3111100.51,7.44,46209.11,55.24,440079.99,0.8318
815,2010.0,403,United States,1349.3,309327143.0,249849720.0,16383037.06,2.71,52963.46,28.22,6427129.88,1.3028
816,2011.0,411,United States,1524.4,311583481.0,252208133.0,16636956.92,1.55,53394.86,30.84,6229600.1,1.3191
817,2012.0,424,United States,1639.8,313877662.0,254614421.0,17016393.93,2.28,54213.46,30.68,6011120.12,1.3508
818,2013.0,424,United States,1639.8,316059947.0,256953576.0,17329814.71,1.84,54830.78,30.0,6152160.16,1.3415
819,2014.0,204,United States,1143.0,318386329.0,259430732.0,17726282.04,2.29,55675.39,30.0,6197430.18,0.6407
820,2015.0,536,United States,2566.55,320738994.0,261950744.0,18206020.74,2.71,56762.73,27.81,6082160.16,1.6711
821,2016.0,540,United States,2399.0,323071755.0,264473000.0,18509601.05,1.67,57292.54,26.59,5974200.2,1.6715
822,2017.0,565,United States,2756.8,325122128.0,266788716.0,18927118.51,2.26,58215.41,27.25,5918759.77,1.7378
823,2018.0,585,United States,3096.7,326838199.0,268844029.0,19479574.02,2.92,59600.05,27.59,6121629.88,1.7899
824,2019.0,585,United States,3096.7,328329953.0,270737596.0,19925436.11,2.29,60687.23,26.37,6001209.96,1.7817
825,2020.0,637,United States,3487.8,331501080.0,274032053.0,19247056.78,-3.4,58060.31,23.44,6001209.96,1.9216
826,2021.0,724,United States,4398.4,331893745.0,275050303.0,20338578.0,5.67,61280.39,23.44,6001209.96,2.1814
827,2022.0,735,United States,4701.1,331893745.0,275050303.0,20338578.0,5.67,61280.39,23.44,6001209.96,2.1814
828,2022.0,2,Uruguay,3.0,,,,,,,,
829,2010.0,2,Venezuela,7.7,28439942.0,25050754.0,,-1.49,,46.14,360840.0,0.0703
830,2011.0,2,Venezuela,7.6,28887873.0,25452527.0,,4.18,,49.64,358120.0,0.0692
831,2012.0,2,Venezuela,7.6,29360827.0,25873642.0,,5.63,,50.4,394470.0,0.0681
832,2013.0,2,Venezuela,7.6,29781046.0,26246929.0,,1.34,,54.28,396489.99,0.0672
833,2014.0,1,Venezuela,1.5,30042973.0,26481078.0,,-3.89,,48.09,393760.01,0.0333
834,2015.0,3,Venezuela,9.6,30081827.0,26518334.0,,-3.89,,48.09,371120.0,0.0997
835,2016.0,3,Venezuela,7.2,29851249.0,26318354.0,,-3.89,,48.09,349730.01,0.1005
836,2017.0,2,Venezuela,5.1,29402480.0,25927989.0,,-3.89,,48.09,320700.01,0.068
837,2018.0,2,Venezuela,5.5,28887117.0,25480748.0,,-3.89,,48.09,293720.0,0.0692
838,2019.0,2,Venezuela,5.5,28515829.0,25162368.0,,-3.89,,48.09,255740.01,0.0701
839,2020.0,1,Venezuela,3.5,28435943.0,25102966.0,,-3.89,,48.09,255740.01,0.0352
840,2021.0,1,Venezuela,3.2,28704947.0,25353644.0,,-3.89,,48.09,255740.01,0.0348
841,2022.0,1,Venezuela,3.5,28704947.0,25353644.0,,-3.89,,48.09,255740.01,0.0348
842,2014.0,1,Vietnam,1.6,91713850.0,30371041.0,223625.79,6.42,2438.3,,291880.0,0.0109
843,2015.0,1,Vietnam,1.7,92677082.0,31333195.0,239257.23,6.99,2581.62,,333640.01,0.0108
844,2016.0,1,Vietnam,1.8,93640435.0,32315314.0,255263.54,6.69,2726.0,,334450.01,0.0107
845,2017.0,2,Vietnam,3.5999999999999996,94600643.0,33311724.0,272978.83,6.94,2885.59,,342090.0,0.0211
846,2018.0,4,Vietnam,10.5,95545959.0,34319153.0,292633.31,7.2,3062.75,,398890.01,0.0419
847,2019.0,4,Vietnam,10.5,96462108.0,35332141.0,313556.59,7.15,3250.57,,450149.99,0.0415
848,2020.0,6,Vietnam,13.2,97338583.0,36346227.0,322775.16,2.94,3316.0,,450149.99,0.0616
849,2021.0,6,Vietnam,16.7,98168829.0,37355203.0,331131.56,2.59,3373.08,,450149.99,0.0611
850,2022.0,7,Vietnam,21.2,98168829.0,37355203.0,331131.56,2.59,3373.08,,450149.99,0.0611
851,2018.0,1,Zimbabwe,1.4,14438812.0,4650597.0,22077.32,4.82,1529.03,69.45,30830.0,0.0693
852,2019.0,1,Zimbabwe,1.4,14645473.0,4717307.0,20720.84,-6.14,1414.83,63.28,30530.0,0.0683
853,2020.0,1,Zimbabwe,1.7,14862927.0,4792105.0,19426.05,-6.25,1307.01,76.0,30530.0,0.0673
854,2021.0,1,Zimbabwe,1.5,15092171.0,4875224.0,20562.36,5.85,1362.45,76.0,30530.0,0.0663
855,2022.0,1,Zimbabwe,3.0,15092171.0,4875224.0,20562.36,5.85,1362.45,76.0,30530.0,0.0663
